PROFILE_KEY,MARKET_NAME,HOTEL_NAME,PROPERTY_CODE,LAUNCH_DATE,CITY_STATE,LOCATION_GROUP_1,LOCATION_GROUP_2,PROPERTY_PAGE_URL,AVAILABILITY_URL,PROPERTY_MIN_RATE,PROPERTY_MIN_ASTERISK,PROPERTY_MAX_RATE,PROPERTY_MAX_ASTERISK,CURRENCY_SYMBOL,INTERNATIONAL,OFFER_START_DATE,OFFER_END_DATE,EMAIL_VEOF,MARKET_STATE ,MARKET_CITY ,PROPERTY_STATE ,PROPERTY_CITY ,ADDRESS1 ,ZIP,MARSHA_CODE ,TOP_DESTINATIONS,REGION
LITCH20150427,Arkansas - Little Rock,Courtyard Little Rock West,LITCH,20150427,"Little Rock, AR",,,www.marriott.com/property/propertyPage/LITCH?corporateCode=MEB&fromDate=04/30/15&toDate=05/03/15,www.marriott.com/reservation/availability.mi?propertyCode=LITCH&cc=MEB&fromDate=04/30/15&toDate=05/03/15,71, ,95, ,$, ,20150430,20150503,ARLITT,Arkansas,Little Rock,AR,Little Rock,10900 Financial Centre Parkway,72211,litch,N,SOUTHEAST
LITCN20150427,Arkansas - Little Rock,Courtyard Little Rock North,LITCN,20150427,"North Little Rock, AR",,,www.marriott.com/property/propertyPage/LITCN?corporateCode=MEB&fromDate=04/30/15&toDate=05/03/15,www.marriott.com/reservation/availability.mi?propertyCode=LITCN&cc=MEB&fromDate=04/30/15&toDate=05/03/15,87, , , ,$, ,20150430,20150503,ARLITT,Arkansas,Little Rock,AR,North Little Rock,4339 Warden Road,72116,litcn,N,SOUTHEAST
LITPB20150427,Arkansas - Little Rock,Little Rock Marriott,LITPB,20150427,"Little Rock, AR",,,www.marriott.com/property/propertyPage/LITPB?corporateCode=MEB&fromDate=04/30/15&toDate=05/03/15,www.marriott.com/reservation/availability.mi?propertyCode=LITPB&cc=MEB&fromDate=04/30/15&toDate=05/03/15,103, ,147, ,$, ,20150430,20150503,ARLITT,Arkansas,Little Rock,AR,Little Rock,3 Statehouse Plaza,72201,litpb,N,SOUTHEAST
LITRV20150427,Arkansas - Little Rock,Fairfield Inn & Suites Russellville,LITRV,20150427,"Russellville, AR",,,www.marriott.com/property/propertyPage/LITRV?corporateCode=MEB&fromDate=04/30/15&toDate=05/03/15,www.marriott.com/reservation/availability.mi?propertyCode=LITRV&cc=MEB&fromDate=04/30/15&toDate=05/03/15,87, ,91, ,$, ,20150430,20150503,ARLITT,Arkansas,Little Rock,AR,Russellville,120 East Harrell Drive,72802,litrv,N,SOUTHEAST
LITTS20150427,Arkansas - Little Rock,TownePlace Suites Little Rock West,LITTS,20150427,"Little Rock, AR",,,www.marriott.com/property/propertyPage/LITTS?corporateCode=MEB&fromDate=04/30/15&toDate=05/03/15,www.marriott.com/reservation/availability.mi?propertyCode=LITTS&cc=MEB&fromDate=04/30/15&toDate=05/03/15,71, , , ,$, ,20150430,20150503,ARLITT,Arkansas,Little Rock,AR,Little Rock,12 Crossings Court,72205,litts,N,SOUTHEAST
FYVBN20150427,Arkansas - Multiple Cities,Courtyard Bentonville,FYVBN,20150427,"Bentonville, AR",,,www.marriott.com/property/propertyPage/FYVBN?corporateCode=MEB&fromDate=04/30/15&toDate=05/03/15,www.marriott.com/reservation/availability.mi?propertyCode=FYVBN&cc=MEB&fromDate=04/30/15&toDate=05/03/15,79, ,143, ,$, ,20150430,20150503,ARMULT,Arkansas,Multiple Cities,AR,Bentonville,1001 McClain Road,72712,fyvbn,N,SOUTHEAST
FYVSH20150427,Arkansas - Multiple Cities,SpringHill Suites Bentonville,FYVSH,20150427,"Bentonville, AR",,,www.marriott.com/property/propertyPage/FYVSH?corporateCode=MEB&fromDate=04/30/15&toDate=05/03/15,www.marriott.com/reservation/availability.mi?propertyCode=FYVSH&cc=MEB&fromDate=04/30/15&toDate=05/03/15,67, ,71, ,$, ,20150430,20150503,ARMULT,Arkansas,Multiple Cities,AR,Bentonville,2304 SE Walton Boulevard,72712,fyvsh,N,SOUTHEAST
JBRFI20150427,Arkansas - Multiple Cities,Fairfield Inn & Suites Jonesboro,JBRFI,20150427,"Jonesboro, AR",,,www.marriott.com/property/propertyPage/JBRFI?corporateCode=MEB&fromDate=04/30/15&toDate=05/03/15,www.marriott.com/reservation/availability.mi?propertyCode=JBRFI&cc=MEB&fromDate=04/30/15&toDate=05/03/15,79, ,103, ,$, ,20150430,20150503,ARMULT,Arkansas,Multiple Cities,AR,Jonesboro,3408 Access Road,72401,jbrfi,N,SOUTHEAST
ROGTS20150427,Arkansas - Multiple Cities,TownePlace Suites Bentonville Rogers,ROGTS,20150427,"Bentonville, AR",,,www.marriott.com/property/propertyPage/ROGTS?corporateCode=MEB&fromDate=04/30/15&toDate=05/03/15,www.marriott.com/reservation/availability.mi?propertyCode=ROGTS&cc=MEB&fromDate=04/30/15&toDate=05/03/15,71, ,103, ,$, ,20150430,20150503,ARMULT,Arkansas,Multiple Cities,AR,Bentonville,3100 S.E. 14th Street,72712,rogts,N,SOUTHEAST
LAXFL20150427,California - Anaheim-Orange County,Fullerton Marriott at California State University,LAXFL,20150427,"Fullerton, CA",,,www.marriott.com/property/propertyPage/LAXFL?corporateCode=MEB&fromDate=04/30/15&toDate=05/03/15,www.marriott.com/reservation/availability.mi?propertyCode=LAXFL&cc=MEB&fromDate=04/30/15&toDate=05/03/15,108, , , ,$, ,20150430,20150503,CAANAH,California,Anaheim-Orange County,CA,Fullerton,2701 Nutwood Avenue,92831,laxfl,Y,NORTHWEST
SNAFC20150427,California - Anaheim-Orange County,Courtyard Huntington Beach Fountain Valley,SNAFC,20150427,"Fountain Valley, CA",,,www.marriott.com/property/propertyPage/SNAFC?corporateCode=MEB&fromDate=05/01/15&toDate=05/03/15,www.marriott.com/reservation/availability.mi?propertyCode=SNAFC&cc=MEB&fromDate=05/01/15&toDate=05/03/15,111, ,127,*,$, ,20150430,20150503,CAANAH,California,Anaheim-Orange County,CA,Fountain Valley,9950 Slater Avenue,92708,snafc,Y,NORTHWEST
SNAFR20150427,California - Anaheim-Orange County,Courtyard Foothill Ranch Irvine East/Lake Forest,SNAFR,20150427,"Foothill Ranch, CA",,,www.marriott.com/property/propertyPage/SNAFR?corporateCode=MEB&fromDate=04/30/15&toDate=05/03/15,www.marriott.com/reservation/availability.mi?propertyCode=SNAFR&cc=MEB&fromDate=04/30/15&toDate=05/03/15,87, ,103, ,$, ,20150430,20150503,CAANAH,California,Anaheim-Orange County,CA,Foothill Ranch,27492 Portola Parkway,92610,snafr,Y,NORTHWEST
SNALH20150427,California - Anaheim-Orange County,Courtyard Laguna Hills Irvine Spectrum/Orange County,SNALH,20150427,"Laguna Hills, CA",,,www.marriott.com/property/propertyPage/SNALH?corporateCode=MEB&fromDate=04/30/15&toDate=05/03/15,www.marriott.com/reservation/availability.mi?propertyCode=SNALH&cc=MEB&fromDate=04/30/15&toDate=05/03/15,103, ,151, ,$, ,20150430,20150503,CAANAH,California,Anaheim-Orange County,CA,Laguna Hills,23175 Avenida de la Carlota,92653,snalh,Y,NORTHWEST
SNALM20150427,California - Anaheim-Orange County,Residence Inn La Mirada Buena Park,SNALM,20150427,"La Mirada, CA",,,www.marriott.com/property/propertyPage/SNALM?corporateCode=MEB&fromDate=04/30/15&toDate=05/03/15,www.marriott.com/reservation/availability.mi?propertyCode=SNALM&cc=MEB&fromDate=04/30/15&toDate=05/03/15,107, ,115, ,$, ,20150430,20150503,CAANAH,California,Anaheim-Orange County,CA,La Mirada,14419 Firestone Boulevard,90638,snalm,Y,NORTHWEST
ONTCR20150427,California - Ontario-Riverside,SpringHill Suites Corona Riverside,ONTCR,20150427,"Corona, CA",,,www.marriott.com/property/propertyPage/ONTCR?corporateCode=MEB&fromDate=04/30/15&toDate=05/03/15,www.marriott.com/reservation/availability.mi?propertyCode=ONTCR&cc=MEB&fromDate=04/30/15&toDate=05/03/15,95, ,103, ,$, ,20150430,20150503,CAONTA,California,Ontario-Riverside,CA,Corona,2025 Compton Ave,92881,ontcr,N,NORTHWEST
DENBD20150427,Colorado - Boulder,Courtyard Boulder,DENBD,20150427,"Boulder, CO",,,www.marriott.com/property/propertyPage/DENBD?corporateCode=MEB&fromDate=05/01/15&toDate=05/03/15,www.marriott.com/reservation/availability.mi?propertyCode=DENBD&cc=MEB&fromDate=05/01/15&toDate=05/03/15,111, ,151,*,$, ,20150430,20150503,COBOUL,Colorado,Boulder,CO,Boulder,4710 Pearl East Circle,80301,denbd,N,NORTHWEST
DENIR20150427,Colorado - Boulder,Renaissance Boulder Flatiron Hotel,DENIR,20150427,"Broomfield, CO",,,www.marriott.com/property/propertyPage/DENIR?corporateCode=MEB&fromDate=04/30/15&toDate=05/03/15,www.marriott.com/reservation/availability.mi?propertyCode=DENIR&cc=MEB&fromDate=04/30/15&toDate=05/03/15,95, , , ,$, ,20150430,20150503,COBOUL,Colorado,Boulder,CO,Broomfield,500 Flatiron Boulevard,80021,denir,N,NORTHWEST
VBOCG20150427,Colorado - Boulder,Residence Inn Boulder,VBOCG,20150427,"Boulder, CO",,,www.marriott.com/property/propertyPage/VBOCG?corporateCode=MEB&fromDate=05/01/15&toDate=05/03/15,www.marriott.com/reservation/availability.mi?propertyCode=VBOCG&cc=MEB&fromDate=05/01/15&toDate=05/03/15,127, ,159,*,$, ,20150430,20150503,COBOUL,Colorado,Boulder,CO,Boulder,3030 Center Green Drive,80301,vbocg,N,NORTHWEST
DENAF20150427,Colorado - Denver,SpringHill Suites Denver at Anschutz Medical Campus,DENAF,20150427,"Aurora, CO",,,www.marriott.com/property/propertyPage/DENAF?corporateCode=MEB&fromDate=04/30/15&toDate=05/03/15,www.marriott.com/reservation/availability.mi?propertyCode=DENAF&cc=MEB&fromDate=04/30/15&toDate=05/03/15,103, ,151, ,$, ,20150430,20150503,CODENV,Colorado,Denver,CO,Aurora,13400 East Colfax Avenue,80011,denaf,Y,NORTHWEST
DENAS20150427,Colorado - Denver,Fairfield Inn & Suites Denver Aurora/Parker,DENAS,20150427,"Aurora, CO",,,www.marriott.com/property/propertyPage/DENAS?corporateCode=MEB&fromDate=04/30/15&toDate=05/03/15,www.marriott.com/reservation/availability.mi?propertyCode=DENAS&cc=MEB&fromDate=04/30/15&toDate=05/03/15,95, ,103, ,$, ,20150430,20150503,CODENV,Colorado,Denver,CO,Aurora,24192 East Prospect Avenue,80016,denas,Y,NORTHWEST
DENAU20150427,Colorado - Denver,Fairfield Inn & Suites Denver Aurora/Medical Center,DENAU,20150427,"Aurora, CO",,,www.marriott.com/property/propertyPage/DENAU?corporateCode=MEB&fromDate=04/30/15&toDate=05/03/15,www.marriott.com/reservation/availability.mi?propertyCode=DENAU&cc=MEB&fromDate=04/30/15&toDate=05/03/15,83, ,123, ,$, ,20150430,20150503,CODENV,Colorado,Denver,CO,Aurora,13851 East Harvard Avenue,80014,denau,Y,NORTHWEST
DENCA20150427,Colorado - Denver,Courtyard Denver Stapleton,DENCA,20150427,"Denver, CO",,,www.marriott.com/property/propertyPage/DENCA?corporateCode=MEB&fromDate=04/30/15&toDate=05/03/15,www.marriott.com/reservation/availability.mi?propertyCode=DENCA&cc=MEB&fromDate=04/30/15&toDate=05/03/15,87, ,111, ,$, ,20150430,20150503,CODENV,Colorado,Denver,CO,Denver,7415 East 41st Avenue,80216,denca,Y,NORTHWEST
DENCH20150427,Colorado - Denver,Courtyard Denver Cherry Creek,DENCH,20150427,"Denver, CO",,,www.marriott.com/property/propertyPage/DENCH?corporateCode=MEB&fromDate=05/01/15&toDate=05/03/15,www.marriott.com/reservation/availability.mi?propertyCode=DENCH&cc=MEB&fromDate=05/01/15&toDate=05/03/15,111, ,119,*,$, ,20150430,20150503,CODENV,Colorado,Denver,CO,Denver,1475 S. Colorado Blvd,80222,dench,Y,NORTHWEST
DENDA20150427,Colorado - Denver,SpringHill Suites Denver Airport,DENDA,20150427,"Denver, CO",,,www.marriott.com/property/propertyPage/DENDA?corporateCode=MEB&fromDate=05/01/15&toDate=05/03/15,www.marriott.com/reservation/availability.mi?propertyCode=DENDA&cc=MEB&fromDate=05/01/15&toDate=05/03/15,95, ,111,*,$, ,20150430,20150503,CODENV,Colorado,Denver,CO,Denver,18350 East 68th Avenue,80249,denda,Y,NORTHWEST
DENFS20150427,Colorado - Denver,Fairfield Inn & Suites Denver Tech Center/South,DENFS,20150427,"Highlands Ranch, CO",,,www.marriott.com/property/propertyPage/DENFS?corporateCode=MEB&fromDate=04/30/15&toDate=05/03/15,www.marriott.com/reservation/availability.mi?propertyCode=DENFS&cc=MEB&fromDate=04/30/15&toDate=05/03/15,95, ,111, ,$, ,20150430,20150503,CODENV,Colorado,Denver,CO,Highlands Ranch,7056 East County Line,80126,denfs,Y,NORTHWEST
DENHR20150427,Colorado - Denver,Residence Inn Denver Highlands Ranch,DENHR,20150427,"Highlands Ranch, CO",,,www.marriott.com/property/propertyPage/DENHR?corporateCode=MEB&fromDate=04/30/15&toDate=05/03/15,www.marriott.com/reservation/availability.mi?propertyCode=DENHR&cc=MEB&fromDate=04/30/15&toDate=05/03/15,104, ,180, ,$, ,20150430,20150503,CODENV,Colorado,Denver,CO,Highlands Ranch,93 West Centennial Boulevard,80126,denhr,Y,NORTHWEST
DENLK20150427,Colorado - Denver,Courtyard Denver Southwest/Lakewood,DENLK,20150427,"Lakewood, CO",,,www.marriott.com/property/propertyPage/DENLK?corporateCode=MEB&fromDate=04/30/15&toDate=05/03/15,www.marriott.com/reservation/availability.mi?propertyCode=DENLK&cc=MEB&fromDate=04/30/15&toDate=05/03/15,103, ,111, ,$, ,20150430,20150503,CODENV,Colorado,Denver,CO,Lakewood,7180 West Hampden Avenue,80227,denlk,Y,NORTHWEST
DENMS20150427,Colorado - Denver,Denver Marriott South at Park Meadows,DENMS,20150427,"Lone Tree, CO",,,www.marriott.com/property/propertyPage/DENMS?corporateCode=MEB&fromDate=04/30/15&toDate=05/03/15,www.marriott.com/reservation/availability.mi?propertyCode=DENMS&cc=MEB&fromDate=04/30/15&toDate=05/03/15,94, , , ,$, ,20150430,20150503,CODENV,Colorado,Denver,CO,Lone Tree,10345 Park Meadows Drive,80124,denms,Y,NORTHWEST
DENMW20150427,Colorado - Denver,Denver Marriott Westminster,DENMW,20150427,"Westminster, CO",,,www.marriott.com/property/propertyPage/DENMW?corporateCode=MEB&fromDate=04/30/15&toDate=05/03/15,www.marriott.com/reservation/availability.mi?propertyCode=DENMW&cc=MEB&fromDate=04/30/15&toDate=05/03/15,88, , , ,$, ,20150430,20150503,CODENV,Colorado,Denver,CO,Westminster,7000 Church Ranch Boulevard,80021,denmw,Y,NORTHWEST
DENRK20150427,Colorado - Denver,Residence Inn Denver Southwest/Lakewood,DENRK,20150427,"Lakewood, CO",,,www.marriott.com/property/propertyPage/DENRK?corporateCode=MEB&fromDate=05/01/15&toDate=05/03/15,www.marriott.com/reservation/availability.mi?propertyCode=DENRK&cc=MEB&fromDate=05/01/15&toDate=05/03/15,103, ,107,*,$, ,20150430,20150503,CODENV,Colorado,Denver,CO,Lakewood,7050 West Hampden Avenue,80227,denrk,Y,NORTHWEST
DENSE20150427,Colorado - Denver,Courtyard Denver Tech Center,DENSE,20150427,"Greenwood Village, CO",,,www.marriott.com/property/propertyPage/DENSE?corporateCode=MEB&fromDate=04/30/15&toDate=05/03/15,www.marriott.com/reservation/availability.mi?propertyCode=DENSE&cc=MEB&fromDate=04/30/15&toDate=05/03/15,79, ,127, ,$, ,20150430,20150503,CODENV,Colorado,Denver,CO,Greenwood Village,6565 South Boston Street,80111,dense,Y,NORTHWEST
DENWM20150427,Colorado - Denver,SpringHill Suites Denver North/Westminster,DENWM,20150427,"Westminster, CO",,,www.marriott.com/property/propertyPage/DENWM?corporateCode=MEB&fromDate=04/30/15&toDate=05/03/15,www.marriott.com/reservation/availability.mi?propertyCode=DENWM&cc=MEB&fromDate=04/30/15&toDate=05/03/15,80, ,88, ,$, ,20150430,20150503,CODENV,Colorado,Denver,CO,Westminster,6845 W. 103rd Avenue,80021,denwm,Y,NORTHWEST
BDRCY20150427,Connecticut - New Haven,Courtyard Shelton,BDRCY,20150427,"Shelton, CT",,,www.marriott.com/property/propertyPage/BDRCY?corporateCode=MEB&fromDate=04/30/15&toDate=05/03/15,www.marriott.com/reservation/availability.mi?propertyCode=BDRCY&cc=MEB&fromDate=04/30/15&toDate=05/03/15,79, ,87, ,$, ,20150430,20150503,CTNEWH,Connecticut,New Haven,CT,Shelton,780 Bridgeport Avenue,6484,bdrcy,N,NORTHEAST
HVNFW20150427,Connecticut - New Haven,Fairfield Inn New Haven Wallingford,HVNFW,20150427,"Wallingford, CT",,,www.marriott.com/property/propertyPage/HVNFW?corporateCode=MEB&fromDate=04/30/15&toDate=05/03/15,www.marriott.com/reservation/availability.mi?propertyCode=HVNFW&cc=MEB&fromDate=04/30/15&toDate=05/03/15,75, ,87, ,$, ,20150430,20150503,CTNEWH,Connecticut,New Haven,CT,Wallingford,100 Miles Drive,6492,hvnfw,N,NORTHEAST
JENSH20150427,Florida - Port St. Lucie,SpringHill Suites Port St. Lucie,JENSH,20150427,"Port St. Lucie, FL",,,www.marriott.com/property/propertyPage/JENSH?corporateCode=MEB&fromDate=04/30/15&toDate=05/03/15,www.marriott.com/reservation/availability.mi?propertyCode=JENSH&cc=MEB&fromDate=04/30/15&toDate=05/03/15,63, ,71, ,$, ,20150430,20150503,FLPORT,Florida,Port St. Lucie,FL,Port St. Lucie,2000 NW Courtyard Circle,34986,jensh,N,SOUTHEAST
PBIST20150427,Florida - Port St. Lucie,Courtyard Stuart,PBIST,20150427,"Stuart, FL",,,www.marriott.com/property/propertyPage/PBIST?corporateCode=MEB&fromDate=04/30/15&toDate=05/03/15,www.marriott.com/reservation/availability.mi?propertyCode=PBIST&cc=MEB&fromDate=04/30/15&toDate=05/03/15,87, ,111, ,$, ,20150430,20150503,FLPORT,Florida,Port St. Lucie,FL,Stuart,7615 SW Lost River Road,34997,pbist,N,SOUTHEAST
CSGCH20150427,Georgia - Columbus,Courtyard Columbus,CSGCH,20150427,"Columbus, GA",,,www.marriott.com/property/propertyPage/CSGCH?corporateCode=MEB&fromDate=04/30/15&toDate=05/03/15,www.marriott.com/reservation/availability.mi?propertyCode=CSGCH&cc=MEB&fromDate=04/30/15&toDate=05/03/15,71, ,91, ,$, ,20150430,20150503,GACOLU,Georgia,Columbus,GA,Columbus,3501 Courtyard Way,31909,csgch,N,SOUTHEAST
CSGCP20150427,Georgia - Columbus,Courtyard Columbus Phenix City,CSGCP,20150427,"Phenix City, AL",,,www.marriott.com/property/propertyPage/CSGCP?corporateCode=MEB&fromDate=04/30/15&toDate=05/03/15,www.marriott.com/reservation/availability.mi?propertyCode=CSGCP&cc=MEB&fromDate=04/30/15&toDate=05/03/15,87, ,103, ,$, ,20150430,20150503,GACOLU,Georgia,Columbus,AL,Phenix City,1400 3rd Avenue,36867,csgcp,N,SOUTHEAST
CSGSH20150427,Georgia - Columbus,SpringHill Suites Columbus,CSGSH,20150427,"Columbus, GA",,,www.marriott.com/property/propertyPage/CSGSH?corporateCode=MEB&fromDate=04/30/15&toDate=05/03/15,www.marriott.com/reservation/availability.mi?propertyCode=CSGSH&cc=MEB&fromDate=04/30/15&toDate=05/03/15,79, ,95, ,$, ,20150430,20150503,GACOLU,Georgia,Columbus,GA,Columbus,5415 Whittlesey Blvd,31907,csgsh,N,SOUTHEAST
CSGTS20150427,Georgia - Columbus,TownePlace Suites Columbus,CSGTS,20150427,"Columbus, GA",,,www.marriott.com/property/propertyPage/CSGTS?corporateCode=MEB&fromDate=04/30/15&toDate=05/03/15,www.marriott.com/reservation/availability.mi?propertyCode=CSGTS&cc=MEB&fromDate=04/30/15&toDate=05/03/15,79, , , ,$, ,20150430,20150503,GACOLU,Georgia,Columbus,GA,Columbus,4534 Armour Road,31904,csgts,N,SOUTHEAST
BOIDT20150427,Idaho - Boise,SpringHill Suites Boise ParkCenter,BOIDT,20150427,"Boise, ID",,,www.marriott.com/property/propertyPage/BOIDT?corporateCode=MEB&fromDate=05/01/15&toDate=05/03/15,www.marriott.com/reservation/availability.mi?propertyCode=BOIDT&cc=MEB&fromDate=05/01/15&toDate=05/03/15,87, ,95,*,$, ,20150430,20150503,IDBOIS,Idaho,Boise,ID,Boise,424 East ParkCenter Blvd,83706,boidt,N,NORTHWEST
BOIID20150427,Idaho - Boise,Residence Inn Boise Downtown,BOIID,20150427,"Boise, ID",,,www.marriott.com/property/propertyPage/BOIID?corporateCode=MEB&fromDate=05/01/15&toDate=05/03/15,www.marriott.com/reservation/availability.mi?propertyCode=BOIID&cc=MEB&fromDate=05/01/15&toDate=05/03/15,95, ,127,*,$, ,20150430,20150503,IDBOIS,Idaho,Boise,ID,Boise,1401 S Lusk Pl,83706,boiid,N,NORTHWEST
CHIBR20150427,Illinois - Chicago,Renaissance Chicago O'Hare Suites Hotel,CHIBR,20150427,"Chicago, IL",,,www.marriott.com/property/propertyPage/CHIBR?corporateCode=MEB&fromDate=05/01/15&toDate=05/03/15,www.marriott.com/reservation/availability.mi?propertyCode=CHIBR&cc=MEB&fromDate=05/01/15&toDate=05/03/15,103,*, , ,$, ,20150430,20150503,ILCHIC,Illinois,Chicago,IL,Chicago,8500 West Bryn Mawr Avenue,60631,chibr,Y,MIDWEST
CHIDF20150427,Illinois - Chicago,Courtyard Chicago Deerfield,CHIDF,20150427,"Deerfield, IL",,,www.marriott.com/property/propertyPage/CHIDF?corporateCode=MEB&fromDate=04/30/15&toDate=05/03/15,www.marriott.com/reservation/availability.mi?propertyCode=CHIDF&cc=MEB&fromDate=04/30/15&toDate=05/03/15,95, ,119, ,$, ,20150430,20150503,ILCHIC,Illinois,Chicago,IL,Deerfield,800 Lake Cook Road,60015,chidf,Y,MIDWEST
CHIDS20150427,Illinois - Chicago,Chicago Marriott Suites Deerfield,CHIDS,20150427,"Deerfield, IL",,,www.marriott.com/property/propertyPage/CHIDS?corporateCode=MEB&fromDate=04/30/15&toDate=05/03/15,www.marriott.com/reservation/availability.mi?propertyCode=CHIDS&cc=MEB&fromDate=04/30/15&toDate=05/03/15,87, , , ,$, ,20150430,20150503,ILCHIC,Illinois,Chicago,IL,Deerfield,2 Parkway North,60015,chids,Y,MIDWEST
CHIFS20150427,Illinois - Chicago,Fairfield Inn & Suites Chicago Lombard,CHIFS,20150427,"Lombard, IL",,,www.marriott.com/property/propertyPage/CHIFS?corporateCode=MEB&fromDate=04/30/15&toDate=05/03/15,www.marriott.com/reservation/availability.mi?propertyCode=CHIFS&cc=MEB&fromDate=04/30/15&toDate=05/03/15,75, ,107, ,$, ,20150430,20150503,ILCHIC,Illinois,Chicago,IL,Lombard,645 West North Ave,60148,chifs,Y,MIDWEST
CHILN20150427,Illinois - Chicago,Lincolnshire Marriott Resort,CHILN,20150427,"Lincolnshire, IL",,,www.marriott.com/property/propertyPage/CHILN?corporateCode=MEB&fromDate=04/30/15&toDate=05/03/15,www.marriott.com/reservation/availability.mi?propertyCode=CHILN&cc=MEB&fromDate=04/30/15&toDate=05/03/15,87, , , ,$, ,20150430,20150503,ILCHIC,Illinois,Chicago,IL,Lincolnshire,Ten Marriott Drive,60069,chiln,Y,MIDWEST
CHIMN20150427,Illinois - Chicago,Chicago Marriott Naperville,CHIMN,20150427,"Naperville, IL",,,www.marriott.com/property/propertyPage/CHIMN?corporateCode=MEB&fromDate=04/30/15&toDate=05/03/15,www.marriott.com/reservation/availability.mi?propertyCode=CHIMN&cc=MEB&fromDate=04/30/15&toDate=05/03/15,111, ,167, ,$, ,20150430,20150503,ILCHIC,Illinois,Chicago,IL,Naperville,1801 North Naper Boulevard,60563,chimn,Y,MIDWEST
CHIRT20150427,Illinois - Chicago,Residence Inn Chicago O'Hare,CHIRT,20150427,"Rosemont, IL",,,www.marriott.com/property/propertyPage/CHIRT?corporateCode=MEB&fromDate=05/01/15&toDate=05/03/15,www.marriott.com/reservation/availability.mi?propertyCode=CHIRT&cc=MEB&fromDate=05/01/15&toDate=05/03/15,151, ,159,*,$, ,20150430,20150503,ILCHIC,Illinois,Chicago,IL,Rosemont,7101 Chestnut Street,60018,chirt,Y,MIDWEST
CHIRW20150427,Illinois - Chicago,Residence Inn Chicago Waukegan/Gurnee,CHIRW,20150427,"Waukegan, IL",,,www.marriott.com/property/propertyPage/CHIRW?corporateCode=MEB&fromDate=04/30/15&toDate=05/03/15,www.marriott.com/reservation/availability.mi?propertyCode=CHIRW&cc=MEB&fromDate=04/30/15&toDate=05/03/15,135, ,147, ,$, ,20150430,20150503,ILCHIC,Illinois,Chicago,IL,Waukegan,1440  South White Oak Drive,60085,chirw,Y,MIDWEST
CHIWD20150427,Illinois - Chicago,Courtyard Chicago Wood Dale/Itasca,CHIWD,20150427,"Wood Dale, IL",,,www.marriott.com/property/propertyPage/CHIWD?corporateCode=MEB&fromDate=04/30/15&toDate=05/03/15,www.marriott.com/reservation/availability.mi?propertyCode=CHIWD&cc=MEB&fromDate=04/30/15&toDate=05/03/15,71, ,119, ,$, ,20150430,20150503,ILCHIC,Illinois,Chicago,IL,Wood Dale,900 N. Wood Dale Road,60191,chiwd,Y,MIDWEST
CHIWK20150427,Illinois - Chicago,Courtyard Chicago Waukegan/Gurnee,CHIWK,20150427,"Waukegan, IL",,,www.marriott.com/property/propertyPage/CHIWK?corporateCode=MEB&fromDate=04/30/15&toDate=05/03/15,www.marriott.com/reservation/availability.mi?propertyCode=CHIWK&cc=MEB&fromDate=04/30/15&toDate=05/03/15,87, ,135, ,$, ,20150430,20150503,ILCHIC,Illinois,Chicago,IL,Waukegan,3800 Northpoint Blvd,60085,chiwk,Y,MIDWEST
BMGSH20150427,Indiana - Multiple Cities,SpringHill Suites Bloomington,BMGSH,20150427,"Bloomington, IN",,,www.marriott.com/property/propertyPage/BMGSH?corporateCode=MEB&fromDate=04/30/15&toDate=05/03/15,www.marriott.com/reservation/availability.mi?propertyCode=BMGSH&cc=MEB&fromDate=04/30/15&toDate=05/03/15,127, ,135, ,$, ,20150430,20150503,INMULT,Indiana,Multiple Cities,IN,Bloomington,501 North College Avenue,47404,bmgsh,N,MIDWEST
EVVPC20150427,Indiana - Multiple Cities,Fairfield Inn Princeton,EVVPC,20150427,"Princeton, IN",,,www.marriott.com/property/propertyPage/EVVPC?corporateCode=MEB&fromDate=04/30/15&toDate=05/03/15,www.marriott.com/reservation/availability.mi?propertyCode=EVVPC&cc=MEB&fromDate=04/30/15&toDate=05/03/15,79, ,115, ,$, ,20150430,20150503,INMULT,Indiana,Multiple Cities,IN,Princeton,2828 Dixon Street,47670,evvpc,N,MIDWEST
LAFCY20150427,Indiana - Multiple Cities,Courtyard Lafayette,LAFCY,20150427,"Lafayette, IN",,,www.marriott.com/property/propertyPage/LAFCY?corporateCode=MEB&fromDate=05/01/15&toDate=05/03/15,www.marriott.com/reservation/availability.mi?propertyCode=LAFCY&cc=MEB&fromDate=05/01/15&toDate=05/03/15,103, ,111,*,$, ,20150430,20150503,INMULT,Indiana,Multiple Cities,IN,Lafayette,150 Fairington Ave,47905,lafcy,N,MIDWEST
LAFFI20150427,Indiana - Multiple Cities,Fairfield Inn & Suites Lafayette,LAFFI,20150427,"Lafayette, IN",,,www.marriott.com/property/propertyPage/LAFFI?corporateCode=MEB&fromDate=04/30/15&toDate=05/03/15,www.marriott.com/reservation/availability.mi?propertyCode=LAFFI&cc=MEB&fromDate=04/30/15&toDate=05/03/15,92, ,112, ,$, ,20150430,20150503,INMULT,Indiana,Multiple Cities,IN,Lafayette,4000 South Street,47905,laffi,N,MIDWEST
LAFTS20150427,Indiana - Multiple Cities,TownePlace Suites Lafayette,LAFTS,20150427,"Lafayette, IN",,,www.marriott.com/property/propertyPage/LAFTS?corporateCode=MEB&fromDate=05/01/15&toDate=05/03/15,www.marriott.com/reservation/availability.mi?propertyCode=LAFTS&cc=MEB&fromDate=05/01/15&toDate=05/03/15,87, ,95,*,$, ,20150430,20150503,INMULT,Indiana,Multiple Cities,IN,Lafayette,163 Frontage Road,47905,lafts,N,MIDWEST
PWMAP20150427,Maine - Portland,Portland Marriott at Sable Oaks,PWMAP,20150427,"South Portland, ME",,,www.marriott.com/property/propertyPage/PWMAP?corporateCode=MEB&fromDate=04/30/15&toDate=05/03/15,www.marriott.com/reservation/availability.mi?propertyCode=PWMAP&cc=MEB&fromDate=04/30/15&toDate=05/03/15,119, ,127, ,$, ,20150430,20150503,MEPORT,Maine,Portland,ME,South Portland,200 Sable Oaks Drive,4106,pwmap,N,NORTHEAST
PWMBW20150427,Maine - Portland,Fairfield Inn & Suites Brunswick Freeport,PWMBW,20150427,"Brunswick, ME",,,www.marriott.com/property/propertyPage/PWMBW?corporateCode=MEB&fromDate=04/30/15&toDate=05/03/15,www.marriott.com/reservation/availability.mi?propertyCode=PWMBW&cc=MEB&fromDate=04/30/15&toDate=05/03/15,119, ,135, ,$, ,20150430,20150503,MEPORT,Maine,Portland,ME,Brunswick,36 Old Portland Road,4011,pwmbw,N,NORTHEAST
PWMLO20150427,Maine - Portland,Courtyard Portland Airport,PWMLO,20150427,"South Portland, ME",,,www.marriott.com/property/propertyPage/PWMLO?corporateCode=MEB&fromDate=04/30/15&toDate=05/03/15,www.marriott.com/reservation/availability.mi?propertyCode=PWMLO&cc=MEB&fromDate=04/30/15&toDate=05/03/15,103, , , ,$, ,20150430,20150503,MEPORT,Maine,Portland,ME,South Portland,100 Southborough Drive,4106,pwmlo,N,NORTHEAST
BOSBB20150427,Massachusetts - Boston,Courtyard Boston Billerica/Bedford,BOSBB,20150427,"Billerica, MA",,,www.marriott.com/property/propertyPage/BOSBB?corporateCode=MEB&fromDate=04/30/15&toDate=05/03/15,www.marriott.com/reservation/availability.mi?propertyCode=BOSBB&cc=MEB&fromDate=04/30/15&toDate=05/03/15,87, ,127, ,$, ,20150430,20150503,MABOST,Massachusetts,Boston,MA,Billerica,270 Concord Road,1821,bosbb,Y,NORTHEAST
BOSBT20150427,Massachusetts - Boston,Residence Inn Boston Tewksbury/Andover,BOSBT,20150427,"Tewksbury, MA",,,www.marriott.com/property/propertyPage/BOSBT?corporateCode=MEB&fromDate=04/30/15&toDate=05/03/15,www.marriott.com/reservation/availability.mi?propertyCode=BOSBT&cc=MEB&fromDate=04/30/15&toDate=05/03/15,127, ,151, ,$, ,20150430,20150503,MABOST,Massachusetts,Boston,MA,Tewksbury,1775 Andover Street,1876,bosbt,Y,NORTHEAST
BOSCW20150427,Massachusetts - Boston,Courtyard Boston Woburn/Boston North,BOSCW,20150427,"Woburn, MA",,,www.marriott.com/property/propertyPage/BOSCW?corporateCode=MEB&fromDate=04/30/15&toDate=05/03/15,www.marriott.com/reservation/availability.mi?propertyCode=BOSCW&cc=MEB&fromDate=04/30/15&toDate=05/03/15,95, ,103, ,$, ,20150430,20150503,MABOST,Massachusetts,Boston,MA,Woburn,700 Unicorn Park Dr,1801,boscw,Y,NORTHEAST
BOSDE20150427,Massachusetts - Boston,Residence Inn Boston Dedham,BOSDE,20150427,"Dedham, MA",,,www.marriott.com/property/propertyPage/BOSDE?corporateCode=MEB&fromDate=04/30/15&toDate=05/03/15,www.marriott.com/reservation/availability.mi?propertyCode=BOSDE&cc=MEB&fromDate=04/30/15&toDate=05/03/15,159, ,167, ,$, ,20150430,20150503,MABOST,Massachusetts,Boston,MA,Dedham,259 Elm Street,2026,bosde,Y,NORTHEAST
BOSDH20150427,Massachusetts - Boston,Fairfield Inn Boston Dedham,BOSDH,20150427,"Dedham, MA",,,www.marriott.com/property/propertyPage/BOSDH?corporateCode=MEB&fromDate=04/30/15&toDate=05/03/15,www.marriott.com/reservation/availability.mi?propertyCode=BOSDH&cc=MEB&fromDate=04/30/15&toDate=05/03/15,103, ,135, ,$, ,20150430,20150503,MABOST,Massachusetts,Boston,MA,Dedham,235 Elm Street,2026,bosdh,Y,NORTHEAST
BOSDT20150427,Massachusetts - Boston,Courtyard Boston Copley Square,BOSDT,20150427,"Boston, MA",,,www.marriott.com/property/propertyPage/BOSDT?corporateCode=MEB&fromDate=05/01/15&toDate=05/03/15,www.marriott.com/reservation/availability.mi?propertyCode=BOSDT&cc=MEB&fromDate=05/01/15&toDate=05/03/15,223, ,247,*,$, ,20150430,20150503,MABOST,Massachusetts,Boston,MA,Boston,88 Exeter Street,2116,bosdt,Y,NORTHEAST
BOSDV20150427,Massachusetts - Boston,Courtyard Boston Danvers,BOSDV,20150427,"Danvers, MA",,,www.marriott.com/property/propertyPage/BOSDV?corporateCode=MEB&fromDate=04/30/15&toDate=05/03/15,www.marriott.com/reservation/availability.mi?propertyCode=BOSDV&cc=MEB&fromDate=04/30/15&toDate=05/03/15,127, ,151, ,$, ,20150430,20150503,MABOST,Massachusetts,Boston,MA,Danvers,275 Independence Way,1923,bosdv,Y,NORTHEAST
BOSFM20150427,Massachusetts - Boston,Residence Inn Boston Framingham,BOSFM,20150427,"Framingham, MA",,,www.marriott.com/property/propertyPage/BOSFM?corporateCode=MEB&fromDate=04/30/15&toDate=05/03/15,www.marriott.com/reservation/availability.mi?propertyCode=BOSFM&cc=MEB&fromDate=04/30/15&toDate=05/03/15,111, , , ,$, ,20150430,20150503,MABOST,Massachusetts,Boston,MA,Framingham,400 Staples Drive,1702,bosfm,Y,NORTHEAST
BOSFT20150427,Massachusetts - Boston,Fairfield Inn Boston Tewksbury/Andover,BOSFT,20150427,"Tewksbury, MA",,,www.marriott.com/property/propertyPage/BOSFT?corporateCode=MEB&fromDate=04/30/15&toDate=05/03/15,www.marriott.com/reservation/availability.mi?propertyCode=BOSFT&cc=MEB&fromDate=04/30/15&toDate=05/03/15,71, ,75, ,$, ,20150430,20150503,MABOST,Massachusetts,Boston,MA,Tewksbury,1695 Andover Street,1876,bosft,Y,NORTHEAST
BOSFW20150427,Massachusetts - Boston,Fairfield Inn Boston Woburn/Burlington,BOSFW,20150427,"Woburn, MA",,,www.marriott.com/property/propertyPage/BOSFW?corporateCode=MEB&fromDate=05/01/15&toDate=05/03/15,www.marriott.com/reservation/availability.mi?propertyCode=BOSFW&cc=MEB&fromDate=05/01/15&toDate=05/03/15,103, ,111,*,$, ,20150430,20150503,MABOST,Massachusetts,Boston,MA,Woburn,285 Mishawum Road,1801,bosfw,Y,NORTHEAST
BOSFX20150427,Massachusetts - Boston,Residence Inn Boston Foxborough,BOSFX,20150427,"Foxborough, MA",,,www.marriott.com/property/propertyPage/BOSFX?corporateCode=MEB&fromDate=05/01/15&toDate=05/03/15,www.marriott.com/reservation/availability.mi?propertyCode=BOSFX&cc=MEB&fromDate=05/01/15&toDate=05/03/15,95, ,123,*,$, ,20150430,20150503,MABOST,Massachusetts,Boston,MA,Foxborough,250 Foxborough Blvd,2035,bosfx,Y,NORTHEAST
BOSLW20150427,Massachusetts - Boston,Boston Marriott Long Wharf,BOSLW,20150427,"Boston, MA",,,www.marriott.com/property/propertyPage/BOSLW?corporateCode=MEB&fromDate=05/01/15&toDate=05/03/15,www.marriott.com/reservation/availability.mi?propertyCode=BOSLW&cc=MEB&fromDate=05/01/15&toDate=05/03/15,239,*, , ,$, ,20150430,20150503,MABOST,Massachusetts,Boston,MA,Boston,296 State Street,2109,boslw,Y,NORTHEAST
BOSML20150427,Massachusetts - Boston,Courtyard Boston Milford,BOSML,20150427,"Milford, MA",,,www.marriott.com/property/propertyPage/BOSML?corporateCode=MEB&fromDate=04/30/15&toDate=05/03/15,www.marriott.com/reservation/availability.mi?propertyCode=BOSML&cc=MEB&fromDate=04/30/15&toDate=05/03/15,87, ,143, ,$, ,20150430,20150503,MABOST,Massachusetts,Boston,MA,Milford,10 Fortune Boulevard,1757,bosml,Y,NORTHEAST
BOSNM20150427,Massachusetts - Boston,Fairfield Inn & Suites Boston Milford,BOSNM,20150427,"Milford, MA",,,www.marriott.com/property/propertyPage/BOSNM?corporateCode=MEB&fromDate=04/30/15&toDate=05/03/15,www.marriott.com/reservation/availability.mi?propertyCode=BOSNM&cc=MEB&fromDate=04/30/15&toDate=05/03/15,79, ,151, ,$, ,20150430,20150503,MABOST,Massachusetts,Boston,MA,Milford,1 Fortune Boulevard,1757,bosnm,Y,NORTHEAST
BOSNT20150427,Massachusetts - Boston,Boston Marriott Newton,BOSNT,20150427,"Newton, MA",,,www.marriott.com/property/propertyPage/BOSNT?corporateCode=MEB&fromDate=04/30/15&toDate=05/03/15,www.marriott.com/reservation/availability.mi?propertyCode=BOSNT&cc=MEB&fromDate=04/30/15&toDate=05/03/15,111, , , ,$, ,20150430,20150503,MABOST,Massachusetts,Boston,MA,Newton,2345 Commonwealth Avenue,2466,bosnt,Y,NORTHEAST
BOSNW20150427,Massachusetts - Boston,Courtyard Boston Norwood/Canton,BOSNW,20150427,"Norwood, MA",,,www.marriott.com/property/propertyPage/BOSNW?corporateCode=MEB&fromDate=04/30/15&toDate=05/03/15,www.marriott.com/reservation/availability.mi?propertyCode=BOSNW&cc=MEB&fromDate=04/30/15&toDate=05/03/15,103, ,111, ,$, ,20150430,20150503,MABOST,Massachusetts,Boston,MA,Norwood,300 River Ridge Drive,2062,bosnw,Y,NORTHEAST
BOSPB20150427,Massachusetts - Boston,Boston Marriott Peabody,BOSPB,20150427,"Peabody, MA",,,www.marriott.com/property/propertyPage/BOSPB?corporateCode=MEB&fromDate=04/30/15&toDate=05/03/15,www.marriott.com/reservation/availability.mi?propertyCode=BOSPB&cc=MEB&fromDate=04/30/15&toDate=05/03/15,127, , , ,$, ,20150430,20150503,MABOST,Massachusetts,Boston,MA,Peabody,8A Centennial Drive,1960,bospb,Y,NORTHEAST
BOSQU20150427,Massachusetts - Boston,Boston Marriott Quincy,BOSQU,20150427,"Quincy, MA",,,www.marriott.com/property/propertyPage/BOSQU?corporateCode=MEB&fromDate=04/30/15&toDate=05/03/15,www.marriott.com/reservation/availability.mi?propertyCode=BOSQU&cc=MEB&fromDate=04/30/15&toDate=05/03/15,119, , , ,$, ,20150430,20150503,MABOST,Massachusetts,Boston,MA,Quincy,1000 Marriott Drive,2169,bosqu,Y,NORTHEAST
BOSRF20150427,Massachusetts - Boston,Fairfield Inn & Suites Boston North,BOSRF,20150427,"Revere, MA",,,www.marriott.com/property/propertyPage/BOSRF?corporateCode=MEB&fromDate=04/30/15&toDate=05/03/15,www.marriott.com/reservation/availability.mi?propertyCode=BOSRF&cc=MEB&fromDate=04/30/15&toDate=05/03/15,143, , , ,$, ,20150430,20150503,MABOST,Massachusetts,Boston,MA,Revere,100 Morris Street,2151,bosrf,Y,NORTHEAST
BOSTD20150427,Massachusetts - Boston,TownePlace Suites Boston North Shore/Danvers,BOSTD,20150427,"Danvers, MA",,,www.marriott.com/property/propertyPage/BOSTD?corporateCode=MEB&fromDate=04/30/15&toDate=05/03/15,www.marriott.com/reservation/availability.mi?propertyCode=BOSTD&cc=MEB&fromDate=04/30/15&toDate=05/03/15,103, , , ,$, ,20150430,20150503,MABOST,Massachusetts,Boston,MA,Danvers,238 Andover Street,1923,bostd,Y,NORTHEAST
BOSTT20150427,Massachusetts - Boston,TownePlace Suites Boston Tewksbury/Andover,BOSTT,20150427,"Tewksbury, MA",,,www.marriott.com/property/propertyPage/BOSTT?corporateCode=MEB&fromDate=04/30/15&toDate=05/03/15,www.marriott.com/reservation/availability.mi?propertyCode=BOSTT&cc=MEB&fromDate=04/30/15&toDate=05/03/15,75, , , ,$, ,20150430,20150503,MABOST,Massachusetts,Boston,MA,Tewksbury,20 International Place,1876,bostt,Y,NORTHEAST
BOSTW20150427,Massachusetts - Boston,Residence Inn Boston Harbor on Tudor Wharf,BOSTW,20150427,"Boston, MA",,,www.marriott.com/property/propertyPage/BOSTW?corporateCode=MEB&fromDate=05/01/15&toDate=05/03/15,www.marriott.com/reservation/availability.mi?propertyCode=BOSTW&cc=MEB&fromDate=05/01/15&toDate=05/03/15,215, ,247,*,$, ,20150430,20150503,MABOST,Massachusetts,Boston,MA,Boston,34-44 Charles River Avenue,2129,bostw,Y,NORTHEAST
BOSWB20150427,Massachusetts - Boston,Courtyard Boston Woburn/Burlington,BOSWB,20150427,"Woburn, MA",,,www.marriott.com/property/propertyPage/BOSWB?corporateCode=MEB&fromDate=05/01/15&toDate=05/03/15,www.marriott.com/reservation/availability.mi?propertyCode=BOSWB&cc=MEB&fromDate=05/01/15&toDate=05/03/15,95, ,159,*,$, ,20150430,20150503,MABOST,Massachusetts,Boston,MA,Woburn,240 Mishawum Road,1801,boswb,Y,NORTHEAST
BOSWM20150427,Massachusetts - Boston,Courtyard Boston Waltham,BOSWM,20150427,"Waltham, MA",,,www.marriott.com/property/propertyPage/BOSWM?corporateCode=MEB&fromDate=05/01/15&toDate=05/03/15,www.marriott.com/reservation/availability.mi?propertyCode=BOSWM&cc=MEB&fromDate=05/01/15&toDate=05/03/15,127,*, , ,$, ,20150430,20150503,MABOST,Massachusetts,Boston,MA,Waltham,387 Winter Street,2451,boswm,Y,NORTHEAST
EWBRI20150427,Massachusetts - Multiple Cities,Residence Inn New Bedford Dartmouth,EWBRI,20150427,"North Dartmouth, MA",,,www.marriott.com/property/propertyPage/EWBRI?corporateCode=MEB&fromDate=04/30/15&toDate=05/03/15,www.marriott.com/reservation/availability.mi?propertyCode=EWBRI&cc=MEB&fromDate=04/30/15&toDate=05/03/15,119, ,127, ,$, ,20150430,20150503,MAMULT,Massachusetts,Multiple Cities,MA,North Dartmouth,181 Faunce Corner Road,2747,ewbri,N,NORTHEAST
GBRFI20150427,Massachusetts - Multiple Cities,Fairfield Inn & Suites Lenox Great Barrington/Berkshires,GBRFI,20150427,"Great Barrington, MA",,,www.marriott.com/property/propertyPage/GBRFI?corporateCode=MEB&fromDate=04/30/15&toDate=05/03/15,www.marriott.com/reservation/availability.mi?propertyCode=GBRFI&cc=MEB&fromDate=04/30/15&toDate=05/03/15,151, ,167, ,$, ,20150430,20150503,MAMULT,Massachusetts,Multiple Cities,MA,Great Barrington,"249 Stockbridge Road, Route 7",1230,gbrfi,N,NORTHEAST
PYMFM20150427,Massachusetts - Multiple Cities,Fairfield Inn Plymouth Middleboro,PYMFM,20150427,"Middleboro, MA",,,www.marriott.com/property/propertyPage/PYMFM?corporateCode=MEB&fromDate=04/30/15&toDate=05/03/15,www.marriott.com/reservation/availability.mi?propertyCode=PYMFM&cc=MEB&fromDate=04/30/15&toDate=05/03/15,111, ,119, ,$, ,20150430,20150503,MAMULT,Massachusetts,Multiple Cities,MA,Middleboro,4 Chalet Road,2346,pymfm,N,NORTHEAST
GRRRI20150427,Michigan - Grand Rapids,Residence Inn Grand Rapids Airport,GRRRI,20150427,"Grand Rapids, MI",,,www.marriott.com/property/propertyPage/GRRRI?corporateCode=MEB&fromDate=05/01/15&toDate=05/03/15,www.marriott.com/reservation/availability.mi?propertyCode=GRRRI&cc=MEB&fromDate=05/01/15&toDate=05/03/15,95, ,111,*,$, ,20150430,20150503,MIGRAN,Michigan,Grand Rapids,MI,Grand Rapids,4443 28th Street SE,49512,grrri,N,MIDWEST
LANCY20150427,Michigan - Lansing,Courtyard Lansing,LANCY,20150427,"Lansing, MI",,,www.marriott.com/property/propertyPage/LANCY?corporateCode=MEB&fromDate=04/30/15&toDate=05/03/15,www.marriott.com/reservation/availability.mi?propertyCode=LANCY&cc=MEB&fromDate=04/30/15&toDate=05/03/15,103, ,111, ,$, ,20150430,20150503,MILANS,Michigan,Lansing,MI,Lansing,2710 Lake Lansing Road,48912,lancy,N,MIDWEST
MCIDT20150427,Missouri - Kansas City,Kansas City Marriott Downtown,MCIDT,20150427,"Kansas City, MO",,,www.marriott.com/property/propertyPage/MCIDT?corporateCode=MEB&fromDate=04/30/15&toDate=05/03/15,www.marriott.com/reservation/availability.mi?propertyCode=MCIDT&cc=MEB&fromDate=04/30/15&toDate=05/03/15,159, , , ,$, ,20150430,20150503,MOKANS,Missouri,Kansas City,MO,Kansas City,200 West 12th Street,64105,mcidt,N,MIDWEST
MCIKN20150427,Missouri - Kansas City,Fairfield Inn & Suites Kansas City North Near Worlds of Fun,MCIKN,20150427,"Kansas City, MO",,,www.marriott.com/property/propertyPage/MCIKN?corporateCode=MEB&fromDate=04/30/15&toDate=05/03/15,www.marriott.com/reservation/availability.mi?propertyCode=MCIKN&cc=MEB&fromDate=04/30/15&toDate=05/03/15,99, ,111, ,$, ,20150430,20150503,MOKANS,Missouri,Kansas City,MO,Kansas City,4231 North Corrington Ave,64117,mcikn,N,MIDWEST
MCIOP20150427,Missouri - Kansas City,Overland Park Marriott,MCIOP,20150427,"Overland Park, KS",,,www.marriott.com/property/propertyPage/MCIOP?corporateCode=MEB&fromDate=04/30/15&toDate=05/03/15,www.marriott.com/reservation/availability.mi?propertyCode=MCIOP&cc=MEB&fromDate=04/30/15&toDate=05/03/15,103, , , ,$, ,20150430,20150503,MOKANS,Missouri,Kansas City,KS,Overland Park,10800 Metcalf Avenue,66210,mciop,N,MIDWEST
RNOFI20150427,Nevada - Reno,Fairfield Inn & Suites Reno Sparks,RNOFI,20150427,"Sparks, NV",,,www.marriott.com/property/propertyPage/RNOFI?corporateCode=MEB&fromDate=04/30/15&toDate=05/03/15,www.marriott.com/reservation/availability.mi?propertyCode=RNOFI&cc=MEB&fromDate=04/30/15&toDate=05/03/15,99, ,107, ,$, ,20150430,20150503,NVRENO,Nevada,Reno,NV,Sparks,2085 Brierley Way,89434,rnofi,N,NORTHWEST
MHTFM20150427,New Hampshire - Manchester-Concord,Fairfield Inn Manchester-Boston Regional Airport,MHTFM,20150427,"Manchester, NH",,,www.marriott.com/property/propertyPage/MHTFM?corporateCode=MEB&fromDate=05/01/15&toDate=05/03/15,www.marriott.com/reservation/availability.mi?propertyCode=MHTFM&cc=MEB&fromDate=05/01/15&toDate=05/03/15,87,*, , ,$, ,20150430,20150503,NHMANC,New Hampshire,Manchester-Concord,NH,Manchester,860 South Porter Street,3103,mhtfm,N,NORTHEAST
MHTHO20150427,New Hampshire - Manchester-Concord,Fairfield Inn & Suites Hooksett,MHTHO,20150427,"Hooksett, NH",,,www.marriott.com/property/propertyPage/MHTHO?corporateCode=MEB&fromDate=04/30/15&toDate=05/03/15,www.marriott.com/reservation/availability.mi?propertyCode=MHTHO&cc=MEB&fromDate=04/30/15&toDate=05/03/15,95, ,103, ,$, ,20150430,20150503,NHMANC,New Hampshire,Manchester-Concord,NH,Hooksett,8 Bell Ave,3106,mhtho,N,NORTHEAST
MHTDT20150427,New Hampshire - Multiple Cities,Courtyard Keene Downtown,MHTDT,20150427,"Keene, NH",,,www.marriott.com/property/propertyPage/MHTDT?corporateCode=MEB&fromDate=05/01/15&toDate=05/03/15,www.marriott.com/reservation/availability.mi?propertyCode=MHTDT&cc=MEB&fromDate=05/01/15&toDate=05/03/15,791, ,799,*,$, ,20150430,20150503,NHMULT,New Hampshire,Multiple Cities,NH,Keene,75 Railroad Street,3431,mhtdt,N,NORTHEAST
MHTGF20150427,New Hampshire - Multiple Cities,TownePlace Suites Gilford,MHTGF,20150427,"Gilford, NH",,,www.marriott.com/property/propertyPage/MHTGF?corporateCode=MEB&fromDate=04/30/15&toDate=05/03/15,www.marriott.com/reservation/availability.mi?propertyCode=MHTGF&cc=MEB&fromDate=04/30/15&toDate=05/03/15,119, ,159, ,$, ,20150430,20150503,NHMULT,New Hampshire,Multiple Cities,NH,Gilford,14 Sawmill Road,3249,mhtgf,N,NORTHEAST
ELMHH20150427,New York - Multiple Cities,Fairfield Inn & Suites Elmira Corning,ELMHH,20150427,"Horseheads, NY",,,www.marriott.com/property/propertyPage/ELMHH?corporateCode=MEB&fromDate=04/30/15&toDate=05/03/15,www.marriott.com/reservation/availability.mi?propertyCode=ELMHH&cc=MEB&fromDate=04/30/15&toDate=05/03/15,115, , , ,$, ,20150430,20150503,NYMULT,New York,Multiple Cities,NY,Horseheads,1600 County Route 64,14845,elmhh,N,NORTHEAST
SLKCY20150427,New York - Multiple Cities,Courtyard Lake Placid,SLKCY,20150427,"Lake Placid, NY",,,www.marriott.com/property/propertyPage/SLKCY?corporateCode=MEB&fromDate=05/01/15&toDate=05/03/15,www.marriott.com/reservation/availability.mi?propertyCode=SLKCY&cc=MEB&fromDate=05/01/15&toDate=05/03/15,111, ,119,*,$, ,20150430,20150503,NYMULT,New York,Multiple Cities,NY,Lake Placid,5920 Cascade Road,12946,slkcy,N,NORTHEAST
SYRDR20150427,New York - Multiple Cities,Residence Inn Syracuse Downtown at Armory Square,SYRDR,20150427,"Syracuse, NY",,,www.marriott.com/property/propertyPage/SYRDR?corporateCode=MEB&fromDate=05/01/15&toDate=05/03/15,www.marriott.com/reservation/availability.mi?propertyCode=SYRDR&cc=MEB&fromDate=05/01/15&toDate=05/03/15,151, ,175,*,$, ,20150430,20150503,NYMULT,New York,Multiple Cities,NY,Syracuse,300 West Fayette Street,13202,syrdr,N,NORTHEAST
ROCAP20150427,New York - Rochester,Rochester Airport Marriott,ROCAP,20150427,"Rochester, NY",,,www.marriott.com/property/propertyPage/ROCAP?corporateCode=MEB&fromDate=04/30/15&toDate=05/03/15,www.marriott.com/reservation/availability.mi?propertyCode=ROCAP&cc=MEB&fromDate=04/30/15&toDate=05/03/15,115, , , ,$, ,20150430,20150503,NYROCH,New York,Rochester,NY,Rochester,1890 Ridge Road West,14615,rocap,N,NORTHEAST
ROCCH20150427,New York - Rochester,Courtyard Rochester Brighton,ROCCH,20150427,"Rochester, NY",,,www.marriott.com/property/propertyPage/ROCCH?corporateCode=MEB&fromDate=04/30/15&toDate=05/03/15,www.marriott.com/reservation/availability.mi?propertyCode=ROCCH&cc=MEB&fromDate=04/30/15&toDate=05/03/15,95, , , ,$, ,20150430,20150503,NYROCH,New York,Rochester,NY,Rochester,33 Corporate Woods Drive,14623,rocch,N,NORTHEAST
ROCCY20150427,New York - Rochester,Courtyard Rochester East/Penfield,ROCCY,20150427,"Rochester, NY",,,www.marriott.com/property/propertyPage/ROCCY?corporateCode=MEB&fromDate=04/30/15&toDate=05/03/15,www.marriott.com/reservation/availability.mi?propertyCode=ROCCY&cc=MEB&fromDate=04/30/15&toDate=05/03/15,119, , , ,$, ,20150430,20150503,NYROCH,New York,Rochester,NY,Rochester,1000 Linden Park,14625,roccy,N,NORTHEAST
ROCDL20150427,New York - Rochester,The Del Monte Lodge Renaissance Rochester Hotel & Spa,ROCDL,20150427,"Pittsford, NY",,,www.marriott.com/property/propertyPage/ROCDL?corporateCode=MEB&fromDate=04/30/15&toDate=05/03/15,www.marriott.com/reservation/availability.mi?propertyCode=ROCDL&cc=MEB&fromDate=04/30/15&toDate=05/03/15,199, , , ,$, ,20150430,20150503,NYROCH,New York,Rochester,NY,Pittsford,41 North Main Street,14534,rocdl,N,NORTHEAST
ROCFA20150427,New York - Rochester,Fairfield Inn Rochester Airport,ROCFA,20150427,"Rochester, NY",,,www.marriott.com/property/propertyPage/ROCFA?corporateCode=MEB&fromDate=04/30/15&toDate=05/03/15,www.marriott.com/reservation/availability.mi?propertyCode=ROCFA&cc=MEB&fromDate=04/30/15&toDate=05/03/15,111, ,127, ,$, ,20150430,20150503,NYROCH,New York,Rochester,NY,Rochester,1200 Brooks Avenue,14624,rocfa,N,NORTHEAST
GSOSH20150427,North Carolina - Greensboro,SpringHill Suites Greensboro,GSOSH,20150427,"Greensboro, NC",,,www.marriott.com/property/propertyPage/GSOSH?corporateCode=MEB&fromDate=05/01/15&toDate=05/03/15,www.marriott.com/reservation/availability.mi?propertyCode=GSOSH&cc=MEB&fromDate=05/01/15&toDate=05/03/15,111, ,119,*,$, ,20150430,20150503,NCGREE,North Carolina,Greensboro,NC,Greensboro,6006 Landmark Center Blvd,27407,gsosh,N,SOUTHEAST
CAKCC20150427,Ohio - Canton-Akron,Courtyard Canton,CAKCC,20150427,"North Canton, OH",,,www.marriott.com/property/propertyPage/CAKCC?corporateCode=MEB&fromDate=04/30/15&toDate=05/03/15,www.marriott.com/reservation/availability.mi?propertyCode=CAKCC&cc=MEB&fromDate=04/30/15&toDate=05/03/15,103, ,111, ,$, ,20150430,20150503,OHCANT,Ohio,Canton-Akron,OH,North Canton,4375 Metro Circle NW,44720,cakcc,N,MIDWEST
CAKFC20150427,Ohio - Canton-Akron,Fairfield Inn & Suites Canton South,CAKFC,20150427,"Canton, OH",,,www.marriott.com/property/propertyPage/CAKFC?corporateCode=MEB&fromDate=04/30/15&toDate=05/03/15,www.marriott.com/reservation/availability.mi?propertyCode=CAKFC&cc=MEB&fromDate=04/30/15&toDate=05/03/15,79, ,83, ,$, ,20150430,20150503,OHCANT,Ohio,Canton-Akron,OH,Canton,4025 Greentree Avenue,44706,cakfc,N,MIDWEST
CLEAP20150427,Ohio - Cleveland,Cleveland Airport Marriott,CLEAP,20150427,"Cleveland, OH",,,www.marriott.com/property/propertyPage/CLEAP?corporateCode=MEB&fromDate=04/30/15&toDate=05/03/15,www.marriott.com/reservation/availability.mi?propertyCode=CLEAP&cc=MEB&fromDate=04/30/15&toDate=05/03/15,103, , , ,$, ,20150430,20150503,OHCLEV,Ohio,Cleveland,OH,Cleveland,4277 West 150th Street,44135,cleap,N,MIDWEST
CLEAV20150427,Ohio - Cleveland,Fairfield Inn & Suites Cleveland Avon,CLEAV,20150427,"Avon, OH",,,www.marriott.com/property/propertyPage/CLEAV?corporateCode=MEB&fromDate=04/30/15&toDate=05/03/15,www.marriott.com/reservation/availability.mi?propertyCode=CLEAV&cc=MEB&fromDate=04/30/15&toDate=05/03/15,119, ,135, ,$, ,20150430,20150503,OHCLEV,Ohio,Cleveland,OH,Avon,39050 Colorado Avenue,44011,cleav,N,MIDWEST
CLEBH20150427,Ohio - Cleveland,Fairfield Inn & Suites Cleveland Beachwood,CLEBH,20150427,"Beachwood, OH",,,www.marriott.com/property/propertyPage/CLEBH?corporateCode=MEB&fromDate=04/30/15&toDate=05/03/15,www.marriott.com/reservation/availability.mi?propertyCode=CLEBH&cc=MEB&fromDate=04/30/15&toDate=05/03/15,91, ,123, ,$, ,20150430,20150503,OHCLEV,Ohio,Cleveland,OH,Beachwood,3750 Orange Place,44122,clebh,N,MIDWEST
CLEBW20150427,Ohio - Cleveland,Courtyard Cleveland Beachwood,CLEBW,20150427,"Beachwood, OH",,,www.marriott.com/property/propertyPage/CLEBW?corporateCode=MEB&fromDate=04/30/15&toDate=05/03/15,www.marriott.com/reservation/availability.mi?propertyCode=CLEBW&cc=MEB&fromDate=04/30/15&toDate=05/03/15,95, ,103, ,$, ,20150430,20150503,OHCLEV,Ohio,Cleveland,OH,Beachwood,3695 Orange Place,44122,clebw,N,MIDWEST
CLECW20150427,Ohio - Cleveland,Courtyard Cleveland Westlake,CLECW,20150427,"Westlake, OH",,,www.marriott.com/property/propertyPage/CLECW?corporateCode=MEB&fromDate=05/01/15&toDate=05/03/15,www.marriott.com/reservation/availability.mi?propertyCode=CLECW&cc=MEB&fromDate=05/01/15&toDate=05/03/15,99, ,103,*,$, ,20150430,20150503,OHCLEV,Ohio,Cleveland,OH,Westlake,25050 Sperry Drive,44145,clecw,N,MIDWEST
CLETS20150427,Ohio - Cleveland,TownePlace Suites Cleveland Westlake,CLETS,20150427,"Westlake, OH",,,www.marriott.com/property/propertyPage/CLETS?corporateCode=MEB&fromDate=05/01/15&toDate=05/03/15,www.marriott.com/reservation/availability.mi?propertyCode=CLETS&cc=MEB&fromDate=05/01/15&toDate=05/03/15,103,*, , ,$, ,20150430,20150503,OHCLEV,Ohio,Cleveland,OH,Westlake,25052 Sperry Drive,44145,clets,N,MIDWEST
OKCST20150427,Oklahoma - Oklahoma City,Fairfield Inn Oklahoma City South/Crossroads Mall,OKCST,20150427,"Oklahoma City, OK",,,www.marriott.com/property/propertyPage/OKCST?corporateCode=MEB&fromDate=04/30/15&toDate=05/03/15,www.marriott.com/reservation/availability.mi?propertyCode=OKCST&cc=MEB&fromDate=04/30/15&toDate=05/03/15,83, ,91, ,$, ,20150430,20150503,OKOKLA,Oklahoma,Oklahoma City,OK,Oklahoma City,1101 East I-240 Service Road,73149,okcst,N,SOUTHWEST
HARET20150427,Pennsylvania - Harrisburg,SpringHill Suites Harrisburg Hershey,HARET,20150427,"Harrisburg, PA",,,www.marriott.com/property/propertyPage/HARET?corporateCode=MEB&fromDate=05/01/15&toDate=05/03/15,www.marriott.com/reservation/availability.mi?propertyCode=HARET&cc=MEB&fromDate=05/01/15&toDate=05/03/15,111, ,135,*,$, ,20150430,20150503,PAHARR,Pennsylvania,Harrisburg,PA,Harrisburg,15 Capital Drive at I-81 Progress Avenue Exit 69,17110,haret,N,NORTHEAST
HARRI20150427,Pennsylvania - Harrisburg,Residence Inn Harrisburg Carlisle,HARRI,20150427,"Carlisle, PA",,,www.marriott.com/property/propertyPage/HARRI?corporateCode=MEB&fromDate=05/01/15&toDate=05/03/15,www.marriott.com/reservation/availability.mi?propertyCode=HARRI&cc=MEB&fromDate=05/01/15&toDate=05/03/15,111, ,119,*,$, ,20150430,20150503,PAHARR,Pennsylvania,Harrisburg,PA,Carlisle,1 Hampton Court,17013,harri,N,NORTHEAST
HARYK20150427,Pennsylvania - Harrisburg,Courtyard York,HARYK,20150427,"York, PA",,,www.marriott.com/property/propertyPage/HARYK?corporateCode=MEB&fromDate=05/01/15&toDate=05/03/15,www.marriott.com/reservation/availability.mi?propertyCode=HARYK&cc=MEB&fromDate=05/01/15&toDate=05/03/15,103, ,111,*,$, ,20150430,20150503,PAHARR,Pennsylvania,Harrisburg,PA,York,2799 Concord Road,17402,haryk,N,NORTHEAST
HARYT20150427,Pennsylvania - Harrisburg,TownePlace Suites York,HARYT,20150427,"York, PA",,,www.marriott.com/property/propertyPage/HARYT?corporateCode=MEB&fromDate=05/01/15&toDate=05/03/15,www.marriott.com/reservation/availability.mi?propertyCode=HARYT&cc=MEB&fromDate=05/01/15&toDate=05/03/15,111, ,127,*,$, ,20150430,20150503,PAHARR,Pennsylvania,Harrisburg,PA,York,2789 Concord Road,17402,haryt,N,NORTHEAST
ABECY20150427,Pennsylvania - Multiple Cities,Courtyard Allentown Bethlehem/Lehigh Valley Airport,ABECY,20150427,"Bethlehem, PA",,,www.marriott.com/property/propertyPage/ABECY?corporateCode=MEB&fromDate=04/30/15&toDate=05/03/15,www.marriott.com/reservation/availability.mi?propertyCode=ABECY&cc=MEB&fromDate=04/30/15&toDate=05/03/15,119, ,127, ,$, ,20150430,20150503,PAMULT,Pennsylvania,Multiple Cities,PA,Bethlehem,2160 Motel Drive,18018,abecy,N,NORTHEAST
ABETS20150427,Pennsylvania - Multiple Cities,TownePlace Suites Bethlehem Easton,ABETS,20150427,"Easton, PA",,,www.marriott.com/property/propertyPage/ABETS?corporateCode=MEB&fromDate=04/30/15&toDate=05/03/15,www.marriott.com/reservation/availability.mi?propertyCode=ABETS&cc=MEB&fromDate=04/30/15&toDate=05/03/15,127, ,135, ,$, ,20150430,20150503,PAMULT,Pennsylvania,Multiple Cities,PA,Easton,3800 Easton/Nazareth Highway,18045,abets,N,NORTHEAST
AVPFI20150427,Pennsylvania - Multiple Cities,Fairfield Inn & Suites Wilkes-Barre Scranton,AVPFI,20150427,"Wilkes-Barre, PA",,,www.marriott.com/property/propertyPage/AVPFI?corporateCode=MEB&fromDate=04/30/15&toDate=05/03/15,www.marriott.com/reservation/availability.mi?propertyCode=AVPFI&cc=MEB&fromDate=04/30/15&toDate=05/03/15,119, , , ,$, ,20150430,20150503,PAMULT,Pennsylvania,Multiple Cities,PA,Wilkes-Barre,884 Kidder Street,18702,avpfi,N,NORTHEAST
BGMWB20150427,Pennsylvania - Multiple Cities,Fairfield Inn & Suites Towanda Wysox,BGMWB,20150427,"Towanda, PA",,,www.marriott.com/property/propertyPage/BGMWB?corporateCode=MEB&fromDate=04/30/15&toDate=05/03/15,www.marriott.com/reservation/availability.mi?propertyCode=BGMWB&cc=MEB&fromDate=04/30/15&toDate=05/03/15,103, , , ,$, ,20150430,20150503,PAMULT,Pennsylvania,Multiple Cities,PA,Towanda,1248 Golden Mile Road,18848,bgmwb,N,NORTHEAST
DUJFI20150427,Pennsylvania - Multiple Cities,Fairfield Inn & Suites DuBois,DUJFI,20150427,"DuBois, PA",,,www.marriott.com/property/propertyPage/DUJFI?corporateCode=MEB&fromDate=05/01/15&toDate=05/03/15,www.marriott.com/reservation/availability.mi?propertyCode=DUJFI&cc=MEB&fromDate=05/01/15&toDate=05/03/15,79, ,87,*,$, ,20150430,20150503,PAMULT,Pennsylvania,Multiple Cities,PA,DuBois,2219 Bee Line Highway,15801,dujfi,N,NORTHEAST
ERICY20150427,Pennsylvania - Multiple Cities,Courtyard Erie Ambassador Conference Center,ERICY,20150427,"Erie, PA",,,www.marriott.com/property/propertyPage/ERICY?corporateCode=MEB&fromDate=04/30/15&toDate=05/03/15,www.marriott.com/reservation/availability.mi?propertyCode=ERICY&cc=MEB&fromDate=04/30/15&toDate=05/03/15,119, ,127, ,$, ,20150430,20150503,PAMULT,Pennsylvania,Multiple Cities,PA,Erie,7792 Peach St.,16509,ericy,N,NORTHEAST
ERISH20150427,Pennsylvania - Multiple Cities,SpringHill Suites Erie,ERISH,20150427,"Erie, PA",,,www.marriott.com/property/propertyPage/ERISH?corporateCode=MEB&fromDate=04/30/15&toDate=05/03/15,www.marriott.com/reservation/availability.mi?propertyCode=ERISH&cc=MEB&fromDate=04/30/15&toDate=05/03/15,135, ,143, ,$, ,20150430,20150503,PAMULT,Pennsylvania,Multiple Cities,PA,Erie,2087 Interchange Road,16509,erish,N,NORTHEAST
IPTFI20150427,Pennsylvania - Multiple Cities,Fairfield Inn & Suites Williamsport,IPTFI,20150427,"Williamsport, PA",,,www.marriott.com/property/propertyPage/IPTFI?corporateCode=MEB&fromDate=04/30/15&toDate=05/03/15,www.marriott.com/reservation/availability.mi?propertyCode=IPTFI&cc=MEB&fromDate=04/30/15&toDate=05/03/15,75, ,87, ,$, ,20150430,20150503,PAMULT,Pennsylvania,Multiple Cities,PA,Williamsport,104 Maynard Street,17701,iptfi,N,NORTHEAST
IPTRI20150427,Pennsylvania - Multiple Cities,Residence Inn Williamsport,IPTRI,20150427,"Williamsport, PA",,,www.marriott.com/property/propertyPage/IPTRI?corporateCode=MEB&fromDate=04/30/15&toDate=05/03/15,www.marriott.com/reservation/availability.mi?propertyCode=IPTRI&cc=MEB&fromDate=04/30/15&toDate=05/03/15,99, ,103, ,$, ,20150430,20150503,PAMULT,Pennsylvania,Multiple Cities,PA,Williamsport,150 West Church Street,17701,iptri,N,NORTHEAST
IPTTS20150427,Pennsylvania - Multiple Cities,TownePlace Suites Williamsport,IPTTS,20150427,"Williamsport, PA",,,www.marriott.com/property/propertyPage/IPTTS?corporateCode=MEB&fromDate=04/30/15&toDate=05/03/15,www.marriott.com/reservation/availability.mi?propertyCode=IPTTS&cc=MEB&fromDate=04/30/15&toDate=05/03/15,83, , , ,$, ,20150430,20150503,PAMULT,Pennsylvania,Multiple Cities,PA,Williamsport,10 West Church Street,17701,iptts,N,NORTHEAST
PHLLD20150427,Pennsylvania - Multiple Cities,Courtyard Philadelphia Lansdale,PHLLD,20150427,"Lansdale, PA",,,www.marriott.com/property/propertyPage/PHLLD?corporateCode=MEB&fromDate=04/30/15&toDate=05/03/15,www.marriott.com/reservation/availability.mi?propertyCode=PHLLD&cc=MEB&fromDate=04/30/15&toDate=05/03/15,95, ,135, ,$, ,20150430,20150503,PAMULT,Pennsylvania,Multiple Cities,PA,Lansdale,1737 Sumneytown Pike,19446,phlld,N,NORTHEAST
SCEHD20150427,Pennsylvania - Multiple Cities,Fairfield Inn & Suites Huntingdon Route 22/Raystown Lake,SCEHD,20150427,"Huntingdon, PA",,,www.marriott.com/property/propertyPage/SCEHD?corporateCode=MEB&fromDate=05/01/15&toDate=05/03/15,www.marriott.com/reservation/availability.mi?propertyCode=SCEHD&cc=MEB&fromDate=05/01/15&toDate=05/03/15,103,*, , ,$, ,20150430,20150503,PAMULT,Pennsylvania,Multiple Cities,PA,Huntingdon,9970 Shaner Boulevard,16652,scehd,N,NORTHEAST
PHLAT20150427,Pennsylvania - Philadelphia,Courtyard Philadelphia Airport,PHLAT,20150427,"Philadelphia, PA",,,www.marriott.com/property/propertyPage/PHLAT?corporateCode=MEB&fromDate=04/30/15&toDate=05/03/15,www.marriott.com/reservation/availability.mi?propertyCode=PHLAT&cc=MEB&fromDate=04/30/15&toDate=05/03/15,115, ,139, ,$, ,20150430,20150503,PAPHIL,Pennsylvania,Philadelphia,PA,Philadelphia,8900 Bartram Avenue,19153,phlat,Y,NORTHEAST
PHLBW20150427,Pennsylvania - Philadelphia,Residence Inn Philadelphia Valley Forge,PHLBW,20150427,"Berwyn, PA",,,www.marriott.com/property/propertyPage/PHLBW?corporateCode=MEB&fromDate=05/01/15&toDate=05/03/15,www.marriott.com/reservation/availability.mi?propertyCode=PHLBW&cc=MEB&fromDate=05/01/15&toDate=05/03/15,111, ,175,*,$, ,20150430,20150503,PAPHIL,Pennsylvania,Philadelphia,PA,Berwyn,600 West Swedesford Road,19312,phlbw,Y,NORTHEAST
PHLCN20150427,Pennsylvania - Philadelphia,Residence Inn Philadelphia Conshohocken,PHLCN,20150427,"Conshohocken, PA",,,www.marriott.com/property/propertyPage/PHLCN?corporateCode=MEB&fromDate=04/30/15&toDate=05/03/15,www.marriott.com/reservation/availability.mi?propertyCode=PHLCN&cc=MEB&fromDate=04/30/15&toDate=05/03/15,143, ,151, ,$, ,20150430,20150503,PAPHIL,Pennsylvania,Philadelphia,PA,Conshohocken,191 Washington Street,19428,phlcn,Y,NORTHEAST
PHLCV20150427,Pennsylvania - Philadelphia,Courtyard Philadelphia Coatesville/Exton,PHLCV,20150427,"Coatesville, PA",,,www.marriott.com/property/propertyPage/PHLCV?corporateCode=MEB&fromDate=04/30/15&toDate=05/03/15,www.marriott.com/reservation/availability.mi?propertyCode=PHLCV&cc=MEB&fromDate=04/30/15&toDate=05/03/15,103, ,119, ,$, ,20150430,20150503,PAPHIL,Pennsylvania,Philadelphia,PA,Coatesville,600 Manor Road,19320,phlcv,Y,NORTHEAST
PHLCY20150427,Pennsylvania - Philadelphia,Courtyard Philadelphia Plymouth Meeting,PHLCY,20150427,"Plymouth Meeting, PA",,,www.marriott.com/property/propertyPage/PHLCY?corporateCode=MEB&fromDate=04/30/15&toDate=05/03/15,www.marriott.com/reservation/availability.mi?propertyCode=PHLCY&cc=MEB&fromDate=04/30/15&toDate=05/03/15,103, ,127, ,$, ,20150430,20150503,PAPHIL,Pennsylvania,Philadelphia,PA,Plymouth Meeting,651 Fountain Road,19462,phlcy,Y,NORTHEAST
PHLKP20150427,Pennsylvania - Philadelphia,SpringHill Suites Philadelphia Valley Forge/King of Prussia,PHLKP,20150427,"King of Prussia, PA",,,www.marriott.com/property/propertyPage/PHLKP?corporateCode=MEB&fromDate=04/30/15&toDate=05/03/15,www.marriott.com/reservation/availability.mi?propertyCode=PHLKP&cc=MEB&fromDate=04/30/15&toDate=05/03/15,103, ,111, ,$, ,20150430,20150503,PAPHIL,Pennsylvania,Philadelphia,PA,King of Prussia,875 Mancill Mill Road,19406,phlkp,Y,NORTHEAST
PHLPY20150427,Pennsylvania - Philadelphia,SpringHill Suites Philadelphia Plymouth Meeting,PHLPY,20150427,"Plymouth Meeting, PA",,,www.marriott.com/property/propertyPage/PHLPY?corporateCode=MEB&fromDate=04/30/15&toDate=05/03/15,www.marriott.com/reservation/availability.mi?propertyCode=PHLPY&cc=MEB&fromDate=04/30/15&toDate=05/03/15,103, ,127, ,$, ,20150430,20150503,PAPHIL,Pennsylvania,Philadelphia,PA,Plymouth Meeting,430 Plymouth Road,19462,phlpy,Y,NORTHEAST
PHLRL20150427,Pennsylvania - Philadelphia,Residence Inn Mt. Laurel at Bishop's Gate,PHLRL,20150427,"Mount Laurel, NJ",,,www.marriott.com/property/propertyPage/PHLRL?corporateCode=MEB&fromDate=04/30/15&toDate=05/03/15,www.marriott.com/reservation/availability.mi?propertyCode=PHLRL&cc=MEB&fromDate=04/30/15&toDate=05/03/15,111, ,135, ,$, ,20150430,20150503,PAPHIL,Pennsylvania,Philadelphia,NJ,Mount Laurel,1000 Bishops Gate Boulevard,8054,phlrl,Y,NORTHEAST
PHLRW20150427,Pennsylvania - Philadelphia,Residence Inn Philadelphia Willow Grove,PHLRW,20150427,"Horsham, PA",,,www.marriott.com/property/propertyPage/PHLRW?corporateCode=MEB&fromDate=05/01/15&toDate=05/03/15,www.marriott.com/reservation/availability.mi?propertyCode=PHLRW&cc=MEB&fromDate=05/01/15&toDate=05/03/15,111, ,135,*,$, ,20150430,20150503,PAPHIL,Pennsylvania,Philadelphia,PA,Horsham,3 Walnut Grove Drive,19044,phlrw,Y,NORTHEAST
PHLSR20150427,Pennsylvania - Philadelphia,SpringHill Suites Philadelphia Airport/Ridley Park,PHLSR,20150427,"Ridley Park, PA",,,www.marriott.com/property/propertyPage/PHLSR?corporateCode=MEB&fromDate=05/01/15&toDate=05/03/15,www.marriott.com/reservation/availability.mi?propertyCode=PHLSR&cc=MEB&fromDate=05/01/15&toDate=05/03/15,119, ,127,*,$, ,20150430,20150503,PAPHIL,Pennsylvania,Philadelphia,PA,Ridley Park,201 Industrial Highway,19078,phlsr,Y,NORTHEAST
PHLVA20150427,Pennsylvania - Philadelphia,Courtyard Philadelphia Valley Forge/King of Prussia,PHLVA,20150427,"Wayne, PA",,,www.marriott.com/property/propertyPage/PHLVA?corporateCode=MEB&fromDate=04/30/15&toDate=05/03/15,www.marriott.com/reservation/availability.mi?propertyCode=PHLVA&cc=MEB&fromDate=04/30/15&toDate=05/03/15,87, ,135, ,$, ,20150430,20150503,PAPHIL,Pennsylvania,Philadelphia,PA,Wayne,1100 Drummers Lane,19087,phlva,Y,NORTHEAST
PHLWG20150427,Pennsylvania - Philadelphia,Courtyard Philadelphia Willow Grove,PHLWG,20150427,"Willow Grove, PA",,,www.marriott.com/property/propertyPage/PHLWG?corporateCode=MEB&fromDate=05/01/15&toDate=05/03/15,www.marriott.com/reservation/availability.mi?propertyCode=PHLWG&cc=MEB&fromDate=05/01/15&toDate=05/03/15,95, ,135,*,$, ,20150430,20150503,PAPHIL,Pennsylvania,Philadelphia,PA,Willow Grove,2350 Easton Road Route 611,19090,phlwg,Y,NORTHEAST
PHLWL20150427,Pennsylvania - Philadelphia,SpringHill Suites Philadelphia Willow Grove,PHLWL,20150427,"Willow Grove, PA",,,www.marriott.com/property/propertyPage/PHLWL?corporateCode=MEB&fromDate=05/01/15&toDate=05/03/15,www.marriott.com/reservation/availability.mi?propertyCode=PHLWL&cc=MEB&fromDate=05/01/15&toDate=05/03/15,95, ,135,*,$, ,20150430,20150503,PAPHIL,Pennsylvania,Philadelphia,PA,Willow Grove,2480 Maryland Road,19090,phlwl,Y,NORTHEAST
ABRTS20150427,South Dakota - Multiple Cities,TownePlace Suites Aberdeen,ABRTS,20150427,"Aberdeen, SD",,,www.marriott.com/property/propertyPage/ABRTS?corporateCode=MEB&fromDate=04/30/15&toDate=05/03/15,www.marriott.com/reservation/availability.mi?propertyCode=ABRTS&cc=MEB&fromDate=04/30/15&toDate=05/03/15,99, ,103, ,$, ,20150430,20150503,SDMULT,South Dakota,Multiple Cities,SD,Aberdeen,402 Norwood Street South,57401,abrts,N,MIDWEST
BKXFI20150427,South Dakota - Multiple Cities,Fairfield Inn & Suites Brookings,BKXFI,20150427,"Brookings, SD",,,www.marriott.com/property/propertyPage/BKXFI?corporateCode=MEB&fromDate=04/30/15&toDate=05/03/15,www.marriott.com/reservation/availability.mi?propertyCode=BKXFI&cc=MEB&fromDate=04/30/15&toDate=05/03/15,119, , , ,$, ,20150430,20150503,SDMULT,South Dakota,Multiple Cities,SD,Brookings,3000 LeFevre Drive,57006,bkxfi,N,MIDWEST
FSDTS20150427,South Dakota - Multiple Cities,TownePlace Suites Sioux Falls,FSDTS,20150427,"Sioux Falls, SD",,,www.marriott.com/property/propertyPage/FSDTS?corporateCode=MEB&fromDate=04/30/15&toDate=05/03/15,www.marriott.com/reservation/availability.mi?propertyCode=FSDTS&cc=MEB&fromDate=04/30/15&toDate=05/03/15,103, , , ,$, ,20150430,20150503,SDMULT,South Dakota,Multiple Cities,SD,Sioux Falls,4545 W. Homefield Dr.,57106,fsdts,N,MIDWEST
RAPFI20150427,South Dakota - Multiple Cities,Fairfield Inn & Suites Rapid City,RAPFI,20150427,"Rapid City, SD",,,www.marriott.com/property/propertyPage/RAPFI?corporateCode=MEB&fromDate=05/01/15&toDate=05/03/15,www.marriott.com/reservation/availability.mi?propertyCode=RAPFI&cc=MEB&fromDate=05/01/15&toDate=05/03/15,79,*, , ,$, ,20150430,20150503,SDMULT,South Dakota,Multiple Cities,SD,Rapid City,1314 N. Elk Vale Road,57703,rapfi,N,MIDWEST
RAPSP20150427,South Dakota - Multiple Cities,Fairfield Inn & Suites Spearfish,RAPSP,20150427,"Spearfish, SD",,,www.marriott.com/property/propertyPage/RAPSP?corporateCode=MEB&fromDate=04/30/15&toDate=05/03/15,www.marriott.com/reservation/availability.mi?propertyCode=RAPSP&cc=MEB&fromDate=04/30/15&toDate=05/03/15,67, ,71, ,$, ,20150430,20150503,SDMULT,South Dakota,Multiple Cities,SD,Spearfish,2720 1st Avenue East,57783,rapsp,N,MIDWEST
ELPCY20150427,Texas - El Paso,Courtyard El Paso Airport,ELPCY,20150427,"El Paso, TX",,,www.marriott.com/property/propertyPage/ELPCY?corporateCode=MEB&fromDate=04/30/15&toDate=05/03/15,www.marriott.com/reservation/availability.mi?propertyCode=ELPCY&cc=MEB&fromDate=04/30/15&toDate=05/03/15,63, ,71, ,$, ,20150430,20150503,TXELPA,Texas,El Paso,TX,El Paso,6610 International Road,79925,elpcy,N,SOUTHWEST
ELPFI20150427,Texas - El Paso,Fairfield Inn & Suites El Paso,ELPFI,20150427,"El Paso, TX",,,www.marriott.com/property/propertyPage/ELPFI?corporateCode=MEB&fromDate=05/01/15&toDate=05/03/15,www.marriott.com/reservation/availability.mi?propertyCode=ELPFI&cc=MEB&fromDate=05/01/15&toDate=05/03/15,71, ,75,*,$, ,20150430,20150503,TXELPA,Texas,El Paso,TX,El Paso,7514 Remcon Circle,79912,elpfi,N,SOUTHWEST
BTVFB20150427,Vermont - Burlington-Williston,Fairfield Inn Burlington Williston,BTVFB,20150427,"Williston, VT",,,www.marriott.com/property/propertyPage/BTVFB?corporateCode=MEB&fromDate=04/30/15&toDate=05/03/15,www.marriott.com/reservation/availability.mi?propertyCode=BTVFB&cc=MEB&fromDate=04/30/15&toDate=05/03/15,127, ,143, ,$, ,20150430,20150503,VTBURL,Vermont,Burlington-Williston,VT,Williston,2844 St. George Road,5495,btvfb,N,NORTHEAST
BTVWL20150427,Vermont - Burlington-Williston,Courtyard Burlington Williston,BTVWL,20150427,"Williston, VT",,,www.marriott.com/property/propertyPage/BTVWL?corporateCode=MEB&fromDate=04/30/15&toDate=05/03/15,www.marriott.com/reservation/availability.mi?propertyCode=BTVWL&cc=MEB&fromDate=04/30/15&toDate=05/03/15,127, ,135, ,$, ,20150430,20150503,VTBURL,Vermont,Burlington-Williston,VT,Williston,177 Hurricane Lane,5495,btvwl,N,NORTHEAST
ORFDT20150427,Virginia - Norfolk-Virginia Beach,Courtyard Norfolk Downtown,ORFDT,20150427,"Norfolk, VA",,,www.marriott.com/property/propertyPage/ORFDT?corporateCode=MEB&fromDate=05/01/15&toDate=05/03/15,www.marriott.com/reservation/availability.mi?propertyCode=ORFDT&cc=MEB&fromDate=05/01/15&toDate=05/03/15,87, ,103,*,$, ,20150430,20150503,VANORF,Virginia,Norfolk-Virginia Beach,VA,Norfolk,520 Plume Street,23510,orfdt,N,SOUTHEAST
ORFFC20150427,Virginia - Norfolk-Virginia Beach,Fairfield Inn & Suites Chesapeake,ORFFC,20150427,"Chesapeake, VA",,,www.marriott.com/property/propertyPage/ORFFC?corporateCode=MEB&fromDate=04/30/15&toDate=05/03/15,www.marriott.com/reservation/availability.mi?propertyCode=ORFFC&cc=MEB&fromDate=04/30/15&toDate=05/03/15,95, , , ,$, ,20150430,20150503,VANORF,Virginia,Norfolk-Virginia Beach,VA,Chesapeake,1560 Crossways Boulevard,23320,orffc,N,SOUTHEAST
ORFGB20150427,Virginia - Norfolk-Virginia Beach,Residence Inn Chesapeake Greenbrier,ORFGB,20150427,"Chesapeake, VA",,,www.marriott.com/property/propertyPage/ORFGB?corporateCode=MEB&fromDate=04/30/15&toDate=05/03/15,www.marriott.com/reservation/availability.mi?propertyCode=ORFGB&cc=MEB&fromDate=04/30/15&toDate=05/03/15,123, ,127, ,$, ,20150430,20150503,VANORF,Virginia,Norfolk-Virginia Beach,VA,Chesapeake,1500 Crossways Blvd.,23320,orfgb,N,SOUTHEAST
ORFGR20150427,Virginia - Norfolk-Virginia Beach,Marriott Chesapeake,ORFGR,20150427,"Chesapeake, VA",,,www.marriott.com/property/propertyPage/ORFGR?corporateCode=MEB&fromDate=04/30/15&toDate=05/03/15,www.marriott.com/reservation/availability.mi?propertyCode=ORFGR&cc=MEB&fromDate=04/30/15&toDate=05/03/15,95, ,103, ,$, ,20150430,20150503,VANORF,Virginia,Norfolk-Virginia Beach,VA,Chesapeake,725 Woodlake Drive,23320,orfgr,N,SOUTHEAST
ORFNC20150427,Virginia - Norfolk-Virginia Beach,SpringHill Suites Chesapeake Greenbrier,ORFNC,20150427,"Chesapeake, VA",,,www.marriott.com/property/propertyPage/ORFNC?corporateCode=MEB&fromDate=04/30/15&toDate=05/03/15,www.marriott.com/reservation/availability.mi?propertyCode=ORFNC&cc=MEB&fromDate=04/30/15&toDate=05/03/15,111, ,115, ,$, ,20150430,20150503,VANORF,Virginia,Norfolk-Virginia Beach,VA,Chesapeake,1446 Crossways Boulevard,23320,orfnc,N,SOUTHEAST
ORFNW20150427,Virginia - Norfolk-Virginia Beach,SpringHill Suites Norfolk Virginia Beach,ORFNW,20150427,"Norfolk, VA",,,www.marriott.com/property/propertyPage/ORFNW?corporateCode=MEB&fromDate=04/30/15&toDate=05/03/15,www.marriott.com/reservation/availability.mi?propertyCode=ORFNW&cc=MEB&fromDate=04/30/15&toDate=05/03/15,111, ,127, ,$, ,20150430,20150503,VANORF,Virginia,Norfolk-Virginia Beach,VA,Norfolk,6350 Newtown Rd,23502,orfnw,N,SOUTHEAST
ORFOD20150427,Virginia - Norfolk-Virginia Beach,SpringHill Suites Norfolk Old Dominion University,ORFOD,20150427,"Norfolk, VA",,,www.marriott.com/property/propertyPage/ORFOD?corporateCode=MEB&fromDate=05/01/15&toDate=05/03/15,www.marriott.com/reservation/availability.mi?propertyCode=ORFOD&cc=MEB&fromDate=05/01/15&toDate=05/03/15,111, ,119,*,$, ,20150430,20150503,VANORF,Virginia,Norfolk-Virginia Beach,VA,Norfolk,4500 Hampton Boulevard,23508,orfod,N,SOUTHEAST
ORFRI20150427,Virginia - Norfolk-Virginia Beach,Residence Inn Norfolk Airport,ORFRI,20150427,"Norfolk, VA",,,www.marriott.com/property/propertyPage/ORFRI?corporateCode=MEB&fromDate=04/30/15&toDate=05/03/15,www.marriott.com/reservation/availability.mi?propertyCode=ORFRI&cc=MEB&fromDate=04/30/15&toDate=05/03/15,119, ,127, ,$, ,20150430,20150503,VANORF,Virginia,Norfolk-Virginia Beach,VA,Norfolk,1590 North Military Highway,23502,orfri,N,SOUTHEAST
ORFRN20150427,Virginia - Norfolk-Virginia Beach,Residence Inn Norfolk Downtown,ORFRN,20150427,"Norfolk, VA",,,www.marriott.com/property/propertyPage/ORFRN?corporateCode=MEB&fromDate=05/01/15&toDate=05/03/15,www.marriott.com/reservation/availability.mi?propertyCode=ORFRN&cc=MEB&fromDate=05/01/15&toDate=05/03/15,103, ,119,*,$, ,20150430,20150503,VANORF,Virginia,Norfolk-Virginia Beach,VA,Norfolk,227 West Brambleton Avenue,23510,orfrn,N,SOUTHEAST
ORFVB20150427,Virginia - Norfolk-Virginia Beach,Courtyard Virginia Beach Norfolk,ORFVB,20150427,"Virginia Beach, VA",,,www.marriott.com/property/propertyPage/ORFVB?corporateCode=MEB&fromDate=04/30/15&toDate=05/03/15,www.marriott.com/reservation/availability.mi?propertyCode=ORFVB&cc=MEB&fromDate=04/30/15&toDate=05/03/15,87, ,111, ,$, ,20150430,20150503,VANORF,Virginia,Norfolk-Virginia Beach,VA,Virginia Beach,5700 Greenwich Road,23462,orfvb,N,SOUTHEAST
BVUCH20150427,Washington - Seattle,Courtyard Seattle Bellevue/Redmond,BVUCH,20150427,"Bellevue, WA",,,www.marriott.com/property/propertyPage/BVUCH?corporateCode=MEB&fromDate=05/01/15&toDate=05/03/15,www.marriott.com/reservation/availability.mi?propertyCode=BVUCH&cc=MEB&fromDate=05/01/15&toDate=05/03/15,103, ,175,*,$, ,20150430,20150503,WASEAT,Washington,Seattle,WA,Bellevue,14615 NE 29th Place,98007,bvuch,Y,NORTHWEST
BVUFI20150427,Washington - Seattle,Fairfield Inn & Suites Seattle Bellevue/Redmond,BVUFI,20150427,"Bellevue, WA",,,www.marriott.com/property/propertyPage/BVUFI?corporateCode=MEB&fromDate=04/30/15&toDate=05/03/15,www.marriott.com/reservation/availability.mi?propertyCode=BVUFI&cc=MEB&fromDate=04/30/15&toDate=05/03/15,103, ,111, ,$, ,20150430,20150503,WASEAT,Washington,Seattle,WA,Bellevue,14595 NE 29th Place,98007,bvufi,Y,NORTHWEST
BVURI20150427,Washington - Seattle,Residence Inn Seattle Bellevue/Downtown,BVURI,20150427,"Bellevue, WA",,,www.marriott.com/property/propertyPage/BVURI?corporateCode=MEB&fromDate=05/01/15&toDate=05/03/15,www.marriott.com/reservation/availability.mi?propertyCode=BVURI&cc=MEB&fromDate=05/01/15&toDate=05/03/15,95,*, , ,$, ,20150430,20150503,WASEAT,Washington,Seattle,WA,Bellevue,605 114th Avenue SE,98004,bvuri,Y,NORTHWEST
BVUWA20150427,Washington - Seattle,Residence Inn Seattle Bellevue,BVUWA,20150427,"Bellevue, WA",,,www.marriott.com/property/propertyPage/BVUWA?corporateCode=MEB&fromDate=05/01/15&toDate=05/03/15,www.marriott.com/reservation/availability.mi?propertyCode=BVUWA&cc=MEB&fromDate=05/01/15&toDate=05/03/15,95,*, , ,$, ,20150430,20150503,WASEAT,Washington,Seattle,WA,Bellevue,14455 NE 29th Place,98007,bvuwa,Y,NORTHWEST
SEAFW20150427,Washington - Seattle,Courtyard Seattle Federal Way,SEAFW,20150427,"Federal Way, WA",,,www.marriott.com/property/propertyPage/SEAFW?corporateCode=MEB&fromDate=04/30/15&toDate=05/03/15,www.marriott.com/reservation/availability.mi?propertyCode=SEAFW&cc=MEB&fromDate=04/30/15&toDate=05/03/15,103, ,135, ,$, ,20150430,20150503,WASEAT,Washington,Seattle,WA,Federal Way,31910 Gateway Center Blvd. South,98003,seafw,Y,NORTHWEST
SEALN20150427,Washington - Seattle,Courtyard Seattle North/Lynnwood Everett,SEALN,20150427,"Lynnwood, WA",,,www.marriott.com/property/propertyPage/SEALN?corporateCode=MEB&fromDate=04/30/15&toDate=05/03/15,www.marriott.com/reservation/availability.mi?propertyCode=SEALN&cc=MEB&fromDate=04/30/15&toDate=05/03/15,87, ,103, ,$, ,20150430,20150503,WASEAT,Washington,Seattle,WA,Lynnwood,4220 Alderwood Mall Blvd,98036,sealn,Y,NORTHWEST
SEALW20150427,Washington - Seattle,Residence Inn Seattle North/Lynnwood Everett,SEALW,20150427,"Lynnwood, WA",,,www.marriott.com/property/propertyPage/SEALW?corporateCode=MEB&fromDate=05/01/15&toDate=05/03/15,www.marriott.com/reservation/availability.mi?propertyCode=SEALW&cc=MEB&fromDate=05/01/15&toDate=05/03/15,103, ,111,*,$, ,20150430,20150503,WASEAT,Washington,Seattle,WA,Lynnwood,18200 Alderwood Mall Parkway,98037,sealw,Y,NORTHWEST
SEAMC20150427,Washington - Seattle,Redmond Marriott Town Center,SEAMC,20150427,"Redmond, WA",,,www.marriott.com/property/propertyPage/SEAMC?corporateCode=MEB&fromDate=05/01/15&toDate=05/03/15,www.marriott.com/reservation/availability.mi?propertyCode=SEAMC&cc=MEB&fromDate=05/01/15&toDate=05/03/15,111,*, , ,$, ,20150430,20150503,WASEAT,Washington,Seattle,WA,Redmond,7401 164th Avenue NE,98052,seamc,Y,NORTHWEST
SEAPP20150427,Washington - Seattle,Fairfield Inn & Suites Tacoma Puyallup,SEAPP,20150427,"Puyallup, WA",,,www.marriott.com/property/propertyPage/SEAPP?corporateCode=MEB&fromDate=05/01/15&toDate=05/03/15,www.marriott.com/reservation/availability.mi?propertyCode=SEAPP&cc=MEB&fromDate=05/01/15&toDate=05/03/15,111, ,119,*,$, ,20150430,20150503,WASEAT,Washington,Seattle,WA,Puyallup,202 15th Avenue SW,98371,seapp,Y,NORTHWEST
SEARD20150427,Washington - Seattle,Residence Inn Seattle East/Redmond,SEARD,20150427,"Redmond, WA",,,www.marriott.com/property/propertyPage/SEARD?corporateCode=MEB&fromDate=05/01/15&toDate=05/03/15,www.marriott.com/reservation/availability.mi?propertyCode=SEARD&cc=MEB&fromDate=05/01/15&toDate=05/03/15,87, ,151,*,$, ,20150430,20150503,WASEAT,Washington,Seattle,WA,Redmond,7575 164th Ave. N.E.,98052,seard,Y,NORTHWEST
SEASO20150427,Washington - Seattle,Residence Inn Seattle South/Tukwila,SEASO,20150427,"Tukwila, WA",,,www.marriott.com/property/propertyPage/SEASO?corporateCode=MEB&fromDate=05/01/15&toDate=05/03/15,www.marriott.com/reservation/availability.mi?propertyCode=SEASO&cc=MEB&fromDate=05/01/15&toDate=05/03/15,87,*, , ,$, ,20150430,20150503,WASEAT,Washington,Seattle,WA,Tukwila,16201 West Valley Highway,98188,seaso,Y,NORTHWEST
SEASR20150427,Washington - Seattle,SpringHill Suites Seattle South/Renton,SEASR,20150427,"Renton, WA",,,www.marriott.com/property/propertyPage/SEASR?corporateCode=MEB&fromDate=04/30/15&toDate=05/03/15,www.marriott.com/reservation/availability.mi?propertyCode=SEASR&cc=MEB&fromDate=04/30/15&toDate=05/03/15,103, ,135, ,$, ,20150430,20150503,WASEAT,Washington,Seattle,WA,Renton,200 SW 19th Street,98057,seasr,Y,NORTHWEST
SEATA20150427,Washington - Seattle,Fairfield Inn Seattle Sea-Tac Airport,SEATA,20150427,"Seattle, WA",,,www.marriott.com/property/propertyPage/SEATA?corporateCode=MEB&fromDate=04/30/15&toDate=05/03/15,www.marriott.com/reservation/availability.mi?propertyCode=SEATA&cc=MEB&fromDate=04/30/15&toDate=05/03/15,87, ,111, ,$, ,20150430,20150503,WASEAT,Washington,Seattle,WA,Seattle,19631 International Blvd.,98188,seata,Y,NORTHWEST
SEATC20150427,Washington - Seattle,Courtyard Seattle Kirkland,SEATC,20150427,"Kirkland, WA",,,www.marriott.com/property/propertyPage/SEATC?corporateCode=MEB&fromDate=05/01/15&toDate=05/03/15,www.marriott.com/reservation/availability.mi?propertyCode=SEATC&cc=MEB&fromDate=05/01/15&toDate=05/03/15,95, ,103,*,$, ,20150430,20150503,WASEAT,Washington,Seattle,WA,Kirkland,11215 NE 124th Street,98034,seatc,Y,NORTHWEST
SEATR20150427,Washington - Seattle,TownePlace Suites Seattle South/Renton,SEATR,20150427,"Renton, WA",,,www.marriott.com/property/propertyPage/SEATR?corporateCode=MEB&fromDate=04/30/15&toDate=05/03/15,www.marriott.com/reservation/availability.mi?propertyCode=SEATR&cc=MEB&fromDate=04/30/15&toDate=05/03/15,95, ,127, ,$, ,20150430,20150503,WASEAT,Washington,Seattle,WA,Renton,300 SW 19th Street,98057,seatr,Y,NORTHWEST
SEATS20150427,Washington - Seattle,TownePlace Suites Seattle Everett/Mukilteo,SEATS,20150427,"Mukilteo, WA",,,www.marriott.com/property/propertyPage/SEATS?corporateCode=MEB&fromDate=05/01/15&toDate=05/03/15,www.marriott.com/reservation/availability.mi?propertyCode=SEATS&cc=MEB&fromDate=05/01/15&toDate=05/03/15,103,*, , ,$, ,20150430,20150503,WASEAT,Washington,Seattle,WA,Mukilteo,8521 Mukilteo Speedway,98275,seats,Y,NORTHWEST
SEAWA20150427,Washington - Seattle,Seattle Airport Marriott,SEAWA,20150427,"Seattle, WA",,,www.marriott.com/property/propertyPage/SEAWA?corporateCode=MEB&fromDate=05/01/15&toDate=05/03/15,www.marriott.com/reservation/availability.mi?propertyCode=SEAWA&cc=MEB&fromDate=05/01/15&toDate=05/03/15,119,*, , ,$, ,20150430,20150503,WASEAT,Washington,Seattle,WA,Seattle,3201 South 176th Street,98188,seawa,Y,NORTHWEST
SEAWV20150427,Washington - Seattle,Courtyard Seattle Sea-Tac Area,SEAWV,20150427,"Tukwila, WA",,,www.marriott.com/property/propertyPage/SEAWV?corporateCode=MEB&fromDate=04/30/15&toDate=05/03/15,www.marriott.com/reservation/availability.mi?propertyCode=SEAWV&cc=MEB&fromDate=04/30/15&toDate=05/03/15,87, ,95, ,$, ,20150430,20150503,WASEAT,Washington,Seattle,WA,Tukwila,16038 West Valley Highway,98188,seawv,Y,NORTHWEST
YULCC20150427,Canada - Montreal,Montreal Marriott Chateau Champlain,YULCC,20150427,"Montreal, Quebec",,,www.marriott.com/property/propertyPage/YULCC?corporateCode=MEB&fromDate=04/30/15&toDate=05/03/15,www.marriott.com/reservation/availability.mi?propertyCode=YULCC&cc=MEB&fromDate=04/30/15&toDate=05/03/15,157, ,209, ,CAD,Y,20150430,20150503,CANMON,Canada,Montreal,Quebec,Montreal,1050 de la Gauchetiere West,H3B 4C9,yulcc,Y,CANADA
YULFI20150427,Canada - Montreal,Fairfield Inn & Suites Montreal Airport,YULFI,20150427,"Montreal, Quebec",,,www.marriott.com/property/propertyPage/YULFI?corporateCode=MEB&fromDate=04/30/15&toDate=05/03/15,www.marriott.com/reservation/availability.mi?propertyCode=YULFI&cc=MEB&fromDate=04/30/15&toDate=05/03/15,99, ,115, ,CAD,Y,20150430,20150503,CANMON,Canada,Montreal,Quebec,Montreal,700 Avenue Michel Jasmin,H9P1C5,yulfi,Y,CANADA
YULMA20150427,Canada - Montreal,Montreal Airport Marriott In-Terminal Hotel,YULMA,20150427,"Dorval, Quebec",,,www.marriott.com/property/propertyPage/YULMA?corporateCode=MEB&fromDate=05/01/15&toDate=05/03/15,www.marriott.com/reservation/availability.mi?propertyCode=YULMA&cc=MEB&fromDate=05/01/15&toDate=05/03/15,143, ,159,*,CAD,Y,20150430,20150503,CANMON,Canada,Montreal,Quebec,Dorval,800 Place Leigh Capreol,H4Y 0A4,yulma,Y,CANADA
YOWMC20150427,Canada - Ontario,Ottawa Marriott Hotel,YOWMC,20150427,"Ottawa, Ontario",,,www.marriott.com/property/propertyPage/YOWMC?corporateCode=MEB&fromDate=04/30/15&toDate=05/03/15,www.marriott.com/reservation/availability.mi?propertyCode=YOWMC&cc=MEB&fromDate=04/30/15&toDate=05/03/15,135, ,167, ,CAD,Y,20150430,20150503,CANONT,Canada,Ontario,Ontario,Ottawa,100 Kent Street,K1P 5R7,yowmc,N,CANADA
YQAJW20150427,Canada - Ontario,JW Marriott The Rosseau Muskoka Resort & Spa,YQAJW,20150427,"Minett, Ontario",,,www.marriott.com/property/propertyPage/YQAJW?corporateCode=MEB&fromDate=05/01/15&toDate=05/03/15,www.marriott.com/reservation/availability.mi?propertyCode=YQAJW&cc=MEB&fromDate=05/01/15&toDate=05/03/15,183, ,223,*,CAD,Y,20150430,20150503,CANONT,Canada,Ontario,Ontario,Minett,1050 Paignton House Rd,P0B 1G0,yqajw,N,CANADA
YTRTS20150427,Canada - Ontario,TownePlace Suites Belleville,YTRTS,20150427,"Belleville, Ontario",,,www.marriott.com/property/propertyPage/YTRTS?corporateCode=MEB&fromDate=05/01/15&toDate=05/03/15,www.marriott.com/reservation/availability.mi?propertyCode=YTRTS&cc=MEB&fromDate=05/01/15&toDate=05/03/15,127,*, , ,CAD,Y,20150430,20150503,CANONT,Canada,Ontario,Ontario,Belleville,400 Bell Boulevard,K8P 5H8,ytrts,N,CANADA
BOGAK20150427,Colombia - Bogota,"The Artisan D.C. Hotel, Autograph Collection",BOGAK,20150427,"Bogota, Colombia",,,www.marriott.com/property/propertyPage/BOGAK?corporateCode=MEB&fromDate=04/30/15&toDate=05/03/15,www.marriott.com/reservation/availability.mi?propertyCode=BOGAK&cc=MEB&fromDate=04/30/15&toDate=05/03/15,120, ,224, ,$,Y,20150430,20150503,COLBOG,Colombia,Bogota,Colombia,Bogota,Av. Calle 72 No. 5 - 51,,bogak,N,OTHER
SDQCY20150427,Dominican Republic - Santo Domingo,Courtyard Santo Domingo,SDQCY,20150427,"Santo Domingo, Dominican Republic",,,www.marriott.com/property/propertyPage/SDQCY?corporateCode=MEB&fromDate=05/01/15&toDate=05/03/15,www.marriott.com/reservation/availability.mi?propertyCode=SDQCY&cc=MEB&fromDate=05/01/15&toDate=05/03/15,79, ,119,*,$,Y,20150430,20150503,DOMSAN,Dominican Republic,Santo Domingo,Dominican Republic,Santo Domingo,50A Maximo Gomez Avenue,,sdqcy,N,OTHER
SDQJW20150427,Dominican Republic - Santo Domingo,JW Marriott Hotel Santo Domingo,SDQJW,20150427,"Santo Domingo, Dominican Republic",,,www.marriott.com/property/propertyPage/SDQJW?corporateCode=MEB&fromDate=05/01/15&toDate=05/03/15,www.marriott.com/reservation/availability.mi?propertyCode=SDQJW&cc=MEB&fromDate=05/01/15&toDate=05/03/15,183, ,239,*,$,Y,20150430,20150503,DOMSAN,Dominican Republic,Santo Domingo,Dominican Republic,Santo Domingo,Winston Churchill Avenue No. 93,10501,sdqjw,N,OTHER